client_id,age,gender,car_type,fuel_type,avg_check,visits_per_month,distance_km,uses_app,prefers_coffee,assigned_portrait
synt_1,39,Ж,хэтчбек,АИ-92,944,0.17,17.63,1,0,Рациональный водитель
synt_2,42,Ж,седан,АИ-92,771,0.74,0.1,0,0,Рациональный водитель
synt_3,24,М,внедорожник,АИ-95,1625,1.54,5.54,0,1,Импульсивный горожанин
synt_4,20,Ж,седан,АИ-92,759,0.1,12.58,0,0,Рациональный водитель
synt_5,34,М,универсал,АИ-92,576,1.09,6.67,0,1,Импульсивный горожанин
synt_6,18,Ж,хэтчбек,ДТ,1087,2.55,12.05,1,1,Импульсивный горожанин
synt_7,33,М,седан,АИ-95,1379,0.44,7.75,1,0,Рациональный водитель
synt_8,18,М,грузовик,АИ-95,1732,1.81,37.1,0,1,Импульсивный горожанин
synt_9,26,Ж,хэтчбек,АИ-92,876,0.1,0.1,0,0,Рациональный водитель
synt_10,23,Ж,внедорожник,АИ-92,1389,0.82,11.36,0,0,Рациональный водитель
synt_11,18,М,седан,АИ-92,1328,1.01,5.73,0,1,Импульсивный горожанин
synt_12,18,М,хэтчбек,АИ-92,915,0.18,1.59,0,0,Рациональный водитель
synt_13,44,Ж,седан,АИ-95,1631,0.78,0.1,1,0,Рациональный водитель
synt_14,31,Ж,универсал,АИ-92,200,0.25,7.76,1,0,Рациональный водитель
synt_15,33,М,хэтчбек,АИ-92,1161,3.57,0.1,1,1,Импульсивный горожанин
synt_16,34,Ж,внедорожник,АИ-92,1191,0.27,2.93,1,0,Рациональный водитель
synt_17,46,М,хэтчбек,АИ-92,1300,1.0,9.69,1,0,Рациональный водитель
synt_18,56,М,седан,АИ-92,1682,0.1,11.99,0,1,Рациональный водитель
synt_19,24,Ж,внедорожник,ДТ,1189,0.15,0.1,0,0,Рациональный водитель
synt_20,31,М,хэтчбек,АИ-95,2045,0.28,25.31,1,0,Рациональный водитель
synt_21,37,М,седан,АИ-95,1812,2.27,7.0,0,1,Премиум-клиент
synt_22,38,М,универсал,АИ-95,1569,1.18,0.1,0,1,Рациональный водитель
synt_23,25,М,хэтчбек,АИ-95,1814,1.89,11.58,1,0,Рациональный водитель
synt_24,53,М,седан,ДТ,1351,1.0,3.08,0,0,Рациональный водитель
synt_25,32,М,хэтчбек,АИ-92,2088,0.1,0.1,0,0,Рациональный водитель
synt_26,39,Ж,внедорожник,АИ-92,950,3.4,10.92,0,0,Рациональный водитель
synt_27,26,Ж,седан,АИ-92,394,0.81,6.39,0,1,Импульсивный горожанин
synt_28,38,Ж,грузовик,АИ-92,1422,1.85,30.41,0,0,Рациональный водитель
synt_29,21,Ж,универсал,АИ-95,1124,2.44,9.12,0,0,Рациональный водитель
synt_30,73,Ж,хэтчбек,АИ-95,1038,0.1,0.1,0,1,Рациональный водитель
synt_31,58,М,хэтчбек,АИ-92,253,0.1,1.22,1,0,Рациональный водитель
synt_32,45,Ж,седан,АИ-95,2455,1.01,19.75,0,0,Рациональный водитель
synt_33,18,Ж,седан,АИ-92,1074,0.1,9.04,0,1,Импульсивный горожанин
synt_34,43,М,седан,АИ-95,1878,0.33,15.13,0,0,Рациональный водитель
synt_35,56,М,седан,АИ-92,1412,1.42,8.55,0,1,Рациональный водитель
synt_36,42,М,внедорожник,АИ-92,202,0.96,0.1,0,1,Импульсивный горожанин
synt_37,49,М,универсал,АИ-95,925,0.18,6.59,1,0,Рациональный водитель
synt_38,28,Ж,хэтчбек,АИ-92,753,0.79,21.89,0,0,Рациональный водитель
synt_39,37,М,седан,АИ-95,1250,0.1,0.29,1,0,Рациональный водитель
synt_40,43,Ж,универсал,АИ-95,1248,0.2,12.01,0,0,Рациональный водитель
synt_41,34,М,хэтчбек,АИ-92,1046,2.67,3.26,0,0,Рациональный водитель
synt_42,45,М,универсал,АИ-95,1290,2.26,12.59,1,1,Рациональный водитель
synt_43,38,Ж,хэтчбек,АИ-95,1447,0.6,0.1,0,0,Рациональный водитель
synt_44,22,Ж,хэтчбек,АИ-92,720,0.8,4.93,0,0,Рациональный водитель
synt_45,26,М,хэтчбек,АИ-95,1371,0.11,6.96,1,0,Рациональный водитель
synt_46,29,Ж,седан,АИ-92,1461,2.94,1.18,0,0,Рациональный водитель
synt_47,27,Ж,хэтчбек,АИ-92,914,2.37,4.85,1,0,Рациональный водитель
synt_48,24,М,седан,АИ-92,1508,0.88,11.17,0,0,Рациональный водитель
synt_49,41,М,грузовик,АИ-92,839,4.0,31.79,1,0,Рациональный водитель
synt_50,35,Ж,внедорожник,АИ-95,1327,0.99,19.88,0,0,Рациональный водитель
synt_51,56,М,седан,АИ-95,1176,0.44,0.1,0,0,Рациональный водитель
synt_52,36,Ж,внедорожник,АИ-92,1228,0.18,12.76,0,0,Рациональный водитель
synt_53,21,Ж,универсал,АИ-92,1732,0.1,14.44,0,1,Рациональный водитель
synt_54,30,М,внедорожник,ДТ,1110,0.63,7.23,0,0,Рациональный водитель
synt_55,35,Ж,универсал,АИ-95,1518,0.28,0.1,0,0,Рациональный водитель
synt_56,33,М,хэтчбек,АИ-95,1168,1.11,2.57,0,0,Рациональный водитель
synt_57,46,М,хэтчбек,АИ-95,1527,0.52,10.16,0,1,Рациональный водитель
synt_58,48,М,седан,АИ-92,307,0.58,16.55,0,0,Рациональный водитель
synt_59,50,М,хэтчбек,АИ-95,1529,2.99,0.1,0,0,Рациональный водитель
synt_60,34,М,седан,АИ-95,1450,0.14,4.4,1,1,Рациональный водитель
synt_61,38,М,седан,АИ-95,1124,0.64,0.1,1,1,Рациональный водитель
synt_62,40,М,седан,АИ-92,426,0.45,3.47,0,0,Рациональный водитель
synt_63,28,Ж,универсал,АИ-92,1085,0.32,9.91,1,1,Рациональный водитель
synt_64,42,М,внедорожник,АИ-95,1249,1.38,0.1,1,0,Рациональный водитель
synt_65,40,М,внедорожник,АИ-92,1124,0.59,0.1,1,0,Рациональный водитель
synt_66,37,М,седан,АИ-92,690,2.21,2.19,0,0,Рациональный водитель
synt_67,34,М,внедорожник,АИ-95,2091,1.37,0.1,1,0,Рациональный водитель
synt_68,33,Ж,хэтчбек,АИ-92,1011,0.27,6.02,1,1,Рациональный водитель
synt_69,28,М,седан,АИ-92,805,2.27,5.39,0,0,Рациональный водитель
synt_70,26,М,внедорожник,ДТ,1094,0.3,7.19,1,0,Рациональный водитель
synt_71,35,М,седан,АИ-95,1800,0.21,0.1,0,1,Рациональный водитель
synt_72,18,М,хэтчбек,АИ-92,544,0.66,7.14,0,1,Импульсивный горожанин
synt_73,26,М,грузовик,АИ-92,846,2.16,36.69,0,0,Рациональный водитель
synt_74,23,М,внедорожник,АИ-92,1067,0.2,5.72,1,0,Рациональный водитель
synt_75,46,М,хэтчбек,АИ-92,1101,0.18,8.16,0,0,Рациональный водитель
synt_76,30,М,универсал,АИ-92,899,0.47,15.41,0,0,Рациональный водитель
synt_77,35,М,универсал,АИ-92,1670,0.78,6.88,1,0,Рациональный водитель
synt_78,42,Ж,седан,АИ-92,1203,0.76,14.98,0,0,Рациональный водитель
synt_79,30,М,хэтчбек,АИ-92,660,0.84,8.83,1,0,Рациональный водитель
synt_80,38,М,универсал,АИ-92,1514,0.16,1.44,1,0,Рациональный водитель
synt_81,43,Ж,внедорожник,АИ-92,1542,0.42,0.1,0,0,Рациональный водитель
synt_82,49,М,хэтчбек,АИ-95,1418,2.06,5.38,0,0,Рациональный водитель
synt_83,39,Ж,седан,АИ-95,1589,0.93,17.75,0,0,Рациональный водитель
synt_84,29,М,седан,ДТ,2015,0.51,9.19,1,0,Рациональный водитель
synt_85,24,М,универсал,АИ-92,338,0.43,2.31,1,0,Рациональный водитель
synt_86,51,М,седан,АИ-95,1821,0.45,3.74,0,0,Рациональный водитель
synt_87,32,М,грузовик,АИ-95,1057,1.4,30.11,1,0,Рациональный водитель
synt_88,34,М,седан,АИ-92,2027,0.1,0.1,0,0,Рациональный водитель
synt_89,18,М,хэтчбек,АИ-92,1436,0.2,0.1,0,0,Рациональный водитель
synt_90,27,М,седан,АИ-95,1464,0.25,5.24,1,0,Рациональный водитель
synt_91,29,Ж,седан,АИ-92,1195,0.28,10.69,0,0,Рациональный водитель
synt_92,39,Ж,седан,АИ-92,332,2.23,19.12,0,0,Рациональный водитель
synt_93,27,М,седан,АИ-95,936,0.53,0.1,1,0,Рациональный водитель
synt_94,51,Ж,седан,АИ-95,1888,1.61,4.75,0,1,Премиум-клиент
synt_95,38,Ж,седан,АИ-92,315,1.8,5.15,1,0,Рациональный водитель
synt_96,38,М,универсал,АИ-92,348,0.81,9.41,0,0,Рациональный водитель
synt_97,37,Ж,хэтчбек,АИ-92,1393,2.46,0.1,0,1,Импульсивный горожанин
synt_98,22,М,хэтчбек,АИ-92,426,0.49,9.65,1,0,Рациональный водитель
synt_99,25,М,внедорожник,АИ-95,1921,2.76,0.1,1,0,Рациональный водитель
synt_100,42,М,седан,АИ-95,824,1.47,12.9,1,1,Рациональный водитель
synt_101,34,Ж,внедорожник,АИ-92,1708,1.71,10.06,1,0,Рациональный водитель
synt_102,44,М,седан,ДТ,472,0.78,3.19,0,0,Рациональный водитель
synt_103,40,Ж,универсал,АИ-92,1432,0.67,8.44,1,0,Рациональный водитель
synt_104,37,Ж,седан,АИ-95,1678,3.54,3.29,0,0,Рациональный водитель
synt_105,35,М,универсал,АИ-92,1011,0.91,1.52,1,0,Рациональный водитель
synt_106,31,М,хэтчбек,АИ-92,1165,1.56,0.1,1,0,Рациональный водитель
synt_107,37,М,седан,АИ-95,1855,0.1,5.66,0,0,Рациональный водитель
synt_108,45,Ж,внедорожник,АИ-95,1296,0.99,0.1,0,0,Рациональный водитель
synt_109,30,М,хэтчбек,АИ-92,1581,0.12,0.1,1,1,Рациональный водитель
synt_110,25,М,седан,ДТ,226,1.14,0.1,1,0,Рациональный водитель
synt_111,44,Ж,внедорожник,АИ-95,1414,0.18,6.33,0,0,Рациональный водитель
synt_112,39,М,седан,АИ-92,1222,0.43,0.1,1,0,Рациональный водитель
synt_113,49,Ж,седан,АИ-95,1271,0.25,6.62,0,0,Рациональный водитель
synt_114,19,М,универсал,АИ-92,1217,0.8,13.67,1,0,Рациональный водитель
synt_115,21,Ж,внедорожник,АИ-92,707,0.25,0.86,0,0,Рациональный водитель
synt_116,37,М,хэтчбек,АИ-95,2029,0.83,0.1,1,0,Рациональный водитель
synt_117,40,Ж,универсал,АИ-95,1943,1.81,13.53,0,0,Рациональный водитель
synt_118,46,М,универсал,АИ-95,1351,1.36,0.1,1,0,Рациональный водитель
synt_119,35,М,седан,АИ-95,2011,3.97,0.1,0,0,Премиум-клиент
synt_120,42,Ж,седан,АИ-95,1715,0.42,5.38,0,0,Рациональный водитель
synt_121,30,М,хэтчбек,АИ-92,1077,0.87,14.56,1,0,Рациональный водитель
synt_122,19,Ж,грузовик,АИ-95,1646,0.52,25.79,1,0,Рациональный водитель
synt_123,50,Ж,внедорожник,АИ-92,973,5.85,0.1,1,0,Рациональный водитель
synt_124,18,Ж,седан,АИ-92,1448,0.32,15.48,0,1,Рациональный водитель
synt_125,41,М,хэтчбек,АИ-92,960,0.32,4.64,0,1,Рациональный водитель
synt_126,37,М,седан,АИ-95,1880,0.64,2.26,0,1,Рациональный водитель
synt_127,38,Ж,универсал,АИ-95,1682,0.98,6.57,0,0,Рациональный водитель
synt_128,42,М,седан,АИ-95,956,0.68,2.47,1,0,Рациональный водитель
synt_129,43,М,внедорожник,АИ-92,738,0.1,1.38,0,0,Рациональный водитель
synt_130,18,Ж,универсал,АИ-95,1490,0.11,0.43,1,0,Рациональный водитель
synt_131,34,Ж,хэтчбек,АИ-95,1036,0.1,6.67,1,0,Рациональный водитель
synt_132,18,М,седан,АИ-92,1078,1.17,0.1,0,1,Импульсивный горожанин
synt_133,48,М,универсал,АИ-92,1369,0.78,10.59,0,0,Рациональный водитель
synt_134,38,М,универсал,АИ-92,1045,1.7,12.6,0,0,Рациональный водитель
synt_135,52,М,седан,АИ-92,1079,0.17,2.44,0,0,Рациональный водитель
synt_136,39,М,хэтчбек,АИ-95,2686,1.27,4.23,1,0,Премиум-клиент
synt_137,35,М,хэтчбек,АИ-92,1048,0.1,2.94,0,0,Рациональный водитель
synt_138,18,Ж,внедорожник,АИ-92,375,1.29,21.01,0,0,Рациональный водитель
synt_139,33,М,хэтчбек,ДТ,1353,0.24,16.81,0,1,Рациональный водитель
synt_140,48,Ж,универсал,АИ-92,1129,0.68,2.67,1,0,Рациональный водитель
synt_141,42,М,хэтчбек,АИ-92,200,0.5,0.1,0,1,Рациональный водитель
synt_142,46,Ж,внедорожник,АИ-92,200,1.77,7.03,0,1,Импульсивный горожанин
synt_143,50,М,седан,АИ-92,1340,1.33,2.43,0,0,Рациональный водитель
synt_144,55,М,универсал,АИ-92,869,0.1,0.59,0,0,Рациональный водитель
synt_145,42,М,внедорожник,АИ-92,967,0.16,12.33,0,0,Рациональный водитель
synt_146,38,М,хэтчбек,АИ-92,624,1.12,10.15,0,1,Рациональный водитель
synt_147,28,Ж,седан,АИ-95,2265,1.82,6.2,0,0,Рациональный водитель
synt_148,38,Ж,хэтчбек,АИ-92,1079,1.13,8.59,1,0,Рациональный водитель
synt_149,51,М,хэтчбек,ДТ,541,0.1,4.49,0,0,Рациональный водитель
synt_150,38,М,хэтчбек,АИ-95,826,1.1,0.1,0,0,Рациональный водитель
synt_151,32,Ж,седан,АИ-95,2050,0.1,0.1,1,0,Рациональный водитель
synt_152,20,М,внедорожник,АИ-92,482,0.1,0.19,0,0,Рациональный водитель
synt_153,28,М,универсал,АИ-95,2400,0.65,0.1,0,0,Рациональный водитель
synt_154,18,Ж,хэтчбек,АИ-95,1398,2.62,8.14,1,0,Рациональный водитель
synt_155,27,М,седан,АИ-92,887,0.37,6.44,1,0,Рациональный водитель
synt_156,48,Ж,седан,АИ-92,946,1.14,3.73,1,0,Рациональный водитель
synt_157,28,М,седан,ДТ,1127,0.66,6.79,1,0,Рациональный водитель
synt_158,48,Ж,хэтчбек,АИ-95,1386,0.24,8.21,0,0,Рациональный водитель
synt_159,22,Ж,седан,АИ-95,1222,0.55,0.1,0,0,Рациональный водитель
synt_160,37,М,седан,АИ-95,1358,0.1,8.63,1,0,Рациональный водитель
synt_161,44,М,внедорожник,АИ-95,2384,0.69,0.1,0,0,Рациональный водитель
synt_162,51,Ж,грузовик,АИ-92,1121,1.36,25.73,1,1,Рациональный водитель
synt_163,29,М,внедорожник,АИ-92,594,0.73,6.87,0,0,Рациональный водитель
synt_164,19,М,седан,АИ-92,1277,1.31,20.57,0,1,Импульсивный горожанин
synt_165,40,М,хэтчбек,АИ-92,1030,0.77,4.11,0,0,Рациональный водитель
synt_166,25,Ж,хэтчбек,ДТ,786,0.17,0.1,0,0,Рациональный водитель
synt_167,47,М,хэтчбек,АИ-92,1056,1.41,6.07,0,0,Рациональный водитель
synt_168,33,М,седан,АИ-92,718,2.76,3.09,0,0,Рациональный водитель
synt_169,23,Ж,внедорожник,ДТ,200,0.69,5.65,1,0,Рациональный водитель
synt_170,34,Ж,универсал,АИ-95,1297,0.52,3.11,1,0,Рациональный водитель
synt_171,35,Ж,универсал,АИ-92,996,1.98,4.8,0,0,Рациональный водитель
synt_172,43,М,внедорожник,АИ-92,851,0.1,0.1,1,1,Рациональный водитель
synt_173,35,Ж,внедорожник,АИ-92,1211,0.71,0.1,0,1,Рациональный водитель
synt_174,33,Ж,хэтчбек,АИ-92,724,5.27,4.5,1,0,Импульсивный горожанин
synt_175,28,Ж,седан,АИ-95,1379,5.71,8.5,1,0,Импульсивный горожанин
synt_176,46,М,внедорожник,АИ-92,948,0.22,12.91,1,0,Рациональный водитель
synt_177,40,Ж,седан,АИ-92,1303,0.66,0.63,0,1,Рациональный водитель
synt_178,38,М,седан,ДТ,602,0.79,4.75,0,0,Рациональный водитель
synt_179,34,М,седан,АИ-95,1126,0.65,0.1,0,0,Рациональный водитель
synt_180,18,Ж,грузовик,АИ-95,1956,1.08,21.03,1,0,Рациональный водитель
synt_181,56,Ж,универсал,АИ-95,1257,0.95,5.26,1,0,Рациональный водитель
synt_182,27,М,хэтчбек,АИ-92,1094,0.1,1.36,1,1,Рациональный водитель
synt_183,21,М,хэтчбек,АИ-95,1111,0.2,14.49,1,1,Рациональный водитель
synt_184,42,М,грузовик,АИ-92,1242,0.98,40.49,1,1,Рациональный водитель
synt_185,48,Ж,внедорожник,АИ-92,1222,3.46,0.1,0,0,Рациональный водитель
synt_186,44,М,хэтчбек,АИ-95,1158,0.41,7.87,0,1,Рациональный водитель
synt_187,24,М,хэтчбек,ДТ,213,0.28,3.23,0,0,Рациональный водитель
synt_188,32,М,универсал,АИ-95,1835,0.62,0.1,0,0,Рациональный водитель
synt_189,41,М,внедорожник,ДТ,1469,2.77,8.2,0,1,Премиум-клиент
synt_190,28,М,универсал,АИ-95,2420,0.71,13.6,1,0,Рациональный водитель
synt_191,42,Ж,хэтчбек,АИ-92,1152,0.62,3.33,0,1,Рациональный водитель
synt_192,26,М,хэтчбек,АИ-95,1294,1.53,0.1,0,1,Импульсивный горожанин
synt_193,27,Ж,внедорожник,АИ-92,1259,0.16,10.78,0,0,Рациональный водитель
synt_194,31,М,хэтчбек,АИ-95,820,0.53,16.66,0,1,Рациональный водитель
synt_195,19,Ж,седан,АИ-95,2005,0.66,0.49,0,0,Рациональный водитель
synt_196,36,М,хэтчбек,АИ-95,1250,1.74,11.62,0,1,Импульсивный горожанин
synt_197,33,Ж,хэтчбек,АИ-95,1318,0.73,0.1,1,0,Рациональный водитель
synt_198,33,М,седан,АИ-95,1575,0.55,9.61,0,0,Рациональный водитель
synt_199,32,Ж,внедорожник,АИ-95,1116,0.89,1.09,1,1,Импульсивный горожанин
synt_200,23,М,универсал,АИ-92,241,2.82,6.36,1,0,Рациональный водитель
synt_201,40,М,внедорожник,АИ-92,786,0.1,4.78,0,0,Рациональный водитель
synt_202,52,Ж,седан,АИ-95,1658,1.07,0.41,0,1,Премиум-клиент
synt_203,33,М,седан,ДТ,918,0.29,12.31,0,0,Рациональный водитель
synt_204,26,М,внедорожник,АИ-92,1040,0.53,0.1,1,0,Рациональный водитель
synt_205,35,Ж,седан,АИ-92,1206,0.3,11.35,1,0,Рациональный водитель
synt_206,22,М,грузовик,АИ-95,1176,0.66,27.48,1,0,Рациональный водитель
synt_207,37,М,седан,АИ-95,1959,1.28,6.41,0,1,Премиум-клиент
synt_208,31,М,внедорожник,АИ-92,820,0.53,21.08,0,0,Рациональный водитель
synt_209,35,Ж,внедорожник,АИ-92,708,1.54,0.1,1,0,Рациональный водитель
synt_210,27,Ж,внедорожник,АИ-92,855,0.6,9.09,0,0,Рациональный водитель
synt_211,43,М,внедорожник,АИ-92,968,1.07,1.59,0,0,Рациональный водитель
synt_212,46,М,внедорожник,АИ-92,1145,1.01,15.95,0,0,Рациональный водитель
synt_213,35,М,хэтчбек,АИ-95,1841,0.38,2.32,1,0,Рациональный водитель
synt_214,30,Ж,седан,АИ-92,705,2.14,6.63,0,0,Рациональный водитель
synt_215,34,Ж,хэтчбек,АИ-95,1680,0.18,3.5,1,1,Рациональный водитель
synt_216,44,М,внедорожник,АИ-95,1177,1.95,9.77,0,0,Рациональный водитель
synt_217,24,М,универсал,АИ-95,1955,0.44,15.38,1,1,Рациональный водитель
synt_218,34,Ж,универсал,АИ-92,773,0.43,1.71,0,0,Рациональный водитель
synt_219,47,М,универсал,АИ-95,2108,3.87,0.1,0,0,Премиум-клиент
synt_220,38,Ж,седан,АИ-92,839,1.81,9.19,1,0,Рациональный водитель
synt_221,36,М,седан,АИ-92,1775,0.36,9.11,0,0,Рациональный водитель
synt_222,36,Ж,хэтчбек,АИ-92,1109,0.82,10.2,1,0,Рациональный водитель
synt_223,46,М,внедорожник,ДТ,951,0.12,0.72,0,0,Рациональный водитель
synt_224,34,М,универсал,АИ-92,1078,1.63,7.54,1,0,Рациональный водитель
synt_225,25,Ж,седан,АИ-95,1934,0.12,7.94,1,1,Рациональный водитель
synt_226,53,М,внедорожник,АИ-92,357,0.36,11.23,0,1,Рациональный водитель
synt_227,44,Ж,седан,АИ-92,1684,0.27,5.56,1,0,Рациональный водитель
synt_228,46,М,седан,АИ-92,1106,1.77,10.14,0,0,Рациональный водитель
synt_229,18,М,внедорожник,АИ-95,1771,0.92,3.9,0,0,Рациональный водитель
synt_230,44,М,хэтчбек,АИ-92,613,0.49,5.24,0,0,Рациональный водитель
synt_231,36,Ж,внедорожник,АИ-95,1720,0.1,0.1,0,1,Рациональный водитель
synt_232,21,М,седан,ДТ,911,0.22,0.1,0,0,Рациональный водитель
synt_233,35,М,седан,АИ-92,416,0.1,2.53,0,0,Рациональный водитель
synt_234,27,М,седан,ДТ,688,0.96,3.45,1,0,Рациональный водитель
synt_235,45,М,хэтчбек,ДТ,1008,0.14,0.1,0,0,Рациональный водитель
synt_236,19,Ж,хэтчбек,АИ-95,1868,3.1,0.66,0,1,Импульсивный горожанин
synt_237,30,М,седан,АИ-95,1558,1.16,2.85,0,0,Рациональный водитель
synt_238,26,М,внедорожник,АИ-95,1704,1.1,3.65,0,0,Рациональный водитель
synt_239,34,Ж,универсал,АИ-95,1507,2.07,0.1,0,1,Импульсивный горожанин
synt_240,38,М,седан,АИ-92,321,0.67,0.1,0,1,Импульсивный горожанин
synt_241,36,М,хэтчбек,АИ-95,1088,1.87,0.1,0,0,Рациональный водитель
synt_242,52,М,хэтчбек,АИ-92,1211,1.95,8.91,0,0,Рациональный водитель
synt_243,42,М,хэтчбек,АИ-95,800,1.17,0.1,0,1,Рациональный водитель
synt_244,30,Ж,седан,АИ-92,1019,1.01,3.71,1,1,Импульсивный горожанин
synt_245,18,Ж,хэтчбек,АИ-92,677,0.25,4.79,0,1,Импульсивный горожанин
synt_246,37,М,седан,АИ-95,1459,0.1,8.27,1,0,Рациональный водитель
synt_247,32,М,универсал,АИ-92,1639,3.12,10.58,0,0,Рациональный водитель
synt_248,31,Ж,седан,ДТ,384,0.42,0.1,0,1,Импульсивный горожанин
synt_249,52,Ж,универсал,АИ-92,1892,0.36,0.1,1,0,Рациональный водитель
synt_250,28,М,грузовик,АИ-95,1884,0.65,15.4,0,0,Рациональный водитель
synt_251,18,Ж,универсал,АИ-95,1385,0.84,0.1,1,1,Импульсивный горожанин
synt_252,39,М,внедорожник,АИ-92,1106,2.04,19.15,1,0,Рациональный водитель
synt_253,37,М,универсал,ДТ,862,0.16,8.02,0,0,Рациональный водитель
synt_254,34,М,внедорожник,АИ-92,1255,0.49,0.1,0,0,Рациональный водитель
synt_255,45,Ж,внедорожник,АИ-95,1589,1.45,9.44,1,1,Премиум-клиент
synt_256,35,Ж,внедорожник,АИ-95,1445,0.71,13.03,0,0,Рациональный водитель
synt_257,34,Ж,хэтчбек,АИ-95,1344,0.14,0.1,0,0,Рациональный водитель
synt_258,21,М,грузовик,АИ-92,785,0.51,36.85,0,0,Рациональный водитель
synt_259,28,Ж,хэтчбек,АИ-95,1672,1.45,7.81,1,0,Рациональный водитель
synt_260,45,М,внедорожник,АИ-92,923,0.12,0.61,0,0,Рациональный водитель
synt_261,18,М,внедорожник,АИ-95,1585,1.23,0.1,1,0,Рациональный водитель
synt_262,27,Ж,универсал,АИ-92,888,0.65,10.07,1,0,Рациональный водитель
synt_263,35,М,хэтчбек,АИ-92,1110,2.2,0.1,0,0,Рациональный водитель
synt_264,36,М,хэтчбек,АИ-92,1337,1.63,9.48,0,0,Рациональный водитель
synt_265,38,М,внедорожник,АИ-92,796,0.14,0.81,0,0,Рациональный водитель
synt_266,36,М,внедорожник,АИ-92,1382,0.1,0.1,0,1,Рациональный водитель
synt_267,43,М,седан,АИ-92,653,0.32,1.19,0,0,Рациональный водитель
synt_268,43,М,универсал,АИ-92,973,0.49,20.85,0,0,Рациональный водитель
synt_269,44,Ж,хэтчбек,ДТ,1494,1.21,0.1,0,0,Рациональный водитель
synt_270,31,М,внедорожник,ДТ,200,0.61,5.14,1,0,Рациональный водитель
synt_271,29,Ж,внедорожник,АИ-95,1440,1.9,9.98,0,0,Рациональный водитель
synt_272,23,М,хэтчбек,АИ-95,1203,1.05,1.66,0,0,Рациональный водитель
synt_273,23,Ж,седан,АИ-95,2157,0.34,0.65,1,0,Рациональный водитель
synt_274,33,М,универсал,АИ-92,389,0.1,0.1,1,0,Рациональный водитель
synt_275,18,М,хэтчбек,АИ-92,923,0.62,5.18,0,0,Рациональный водитель
synt_276,40,Ж,хэтчбек,АИ-95,1404,0.31,6.54,1,0,Рациональный водитель
synt_277,36,М,внедорожник,АИ-92,1619,0.36,6.32,0,1,Рациональный водитель
synt_278,35,Ж,хэтчбек,АИ-95,590,0.36,0.1,1,1,Рациональный водитель
synt_279,33,Ж,внедорожник,АИ-92,342,3.17,5.17,0,1,Импульсивный горожанин
synt_280,37,М,седан,АИ-92,1135,1.52,0.1,0,1,Импульсивный горожанин
synt_281,39,М,хэтчбек,АИ-92,1456,0.42,3.13,0,0,Рациональный водитель
synt_282,39,Ж,седан,АИ-92,564,3.17,3.75,0,1,Импульсивный горожанин
synt_283,55,М,седан,АИ-95,1502,0.62,0.1,1,1,Рациональный водитель
synt_284,50,М,седан,АИ-92,1179,0.28,7.97,0,1,Рациональный водитель
synt_285,19,М,хэтчбек,АИ-92,1184,0.97,8.41,0,1,Импульсивный горожанин
synt_286,35,М,хэтчбек,АИ-92,1556,0.18,14.4,0,0,Рациональный водитель
synt_287,31,М,внедорожник,ДТ,999,0.26,0.1,1,0,Рациональный водитель
synt_288,41,Ж,седан,АИ-92,992,1.09,1.11,1,0,Рациональный водитель
synt_289,42,Ж,седан,АИ-95,1427,0.46,16.36,0,0,Рациональный водитель
synt_290,28,М,внедорожник,АИ-95,1662,0.44,0.1,0,1,Рациональный водитель
synt_291,35,М,седан,АИ-92,618,0.19,1.74,0,0,Рациональный водитель
synt_292,41,М,хэтчбек,АИ-95,1177,0.44,12.66,0,0,Рациональный водитель
synt_293,33,Ж,внедорожник,АИ-95,1868,0.23,0.1,1,0,Рациональный водитель
synt_294,38,М,седан,АИ-92,1004,0.53,10.68,0,0,Рациональный водитель
synt_295,47,Ж,хэтчбек,АИ-92,571,2.09,0.1,0,1,Импульсивный горожанин
synt_296,38,М,хэтчбек,АИ-92,1276,0.1,0.1,0,1,Рациональный водитель
synt_297,24,М,седан,АИ-95,1065,3.41,10.43,0,0,Рациональный водитель
synt_298,23,М,седан,АИ-92,1345,0.2,9.64,1,0,Рациональный водитель
synt_299,29,М,хэтчбек,АИ-92,1568,0.79,0.1,0,0,Рациональный водитель
synt_300,40,Ж,седан,АИ-92,364,1.25,11.34,0,1,Рациональный водитель
synt_301,54,М,универсал,АИ-95,2743,1.19,2.43,0,0,Премиум-клиент
synt_302,52,Ж,универсал,АИ-92,785,0.42,9.32,1,0,Рациональный водитель
synt_303,39,Ж,хэтчбек,ДТ,1311,0.69,0.1,0,0,Рациональный водитель
synt_304,31,М,седан,АИ-95,1475,0.27,8.64,0,0,Рациональный водитель
synt_305,40,М,внедорожник,АИ-95,1519,1.99,8.94,0,0,Рациональный водитель
synt_306,29,М,универсал,АИ-92,553,2.05,0.1,0,0,Рациональный водитель
synt_307,41,М,универсал,ДТ,453,0.1,2.05,0,0,Рациональный водитель
synt_308,36,М,внедорожник,АИ-95,1987,0.52,0.1,1,0,Рациональный водитель
synt_309,29,Ж,седан,АИ-92,317,0.47,6.28,0,0,Рациональный водитель
synt_310,40,М,внедорожник,АИ-95,1382,0.32,0.78,0,0,Рациональный водитель
synt_311,35,М,грузовик,АИ-92,696,1.02,37.12,0,0,Рациональный водитель
synt_312,45,М,седан,АИ-92,301,0.34,3.98,0,0,Рациональный водитель
synt_313,27,М,грузовик,АИ-92,1070,0.6,43.39,0,0,Рациональный водитель
synt_314,48,М,грузовик,АИ-92,1475,1.44,38.11,1,0,Рациональный водитель
synt_315,45,Ж,седан,АИ-92,1108,2.9,9.41,1,0,Рациональный водитель
synt_316,38,Ж,хэтчбек,АИ-92,1017,0.29,2.95,0,0,Рациональный водитель
synt_317,46,М,хэтчбек,ДТ,866,0.11,4.81,1,0,Рациональный водитель
synt_318,33,Ж,внедорожник,АИ-92,1670,0.1,1.06,0,0,Рациональный водитель
synt_319,22,Ж,седан,АИ-92,1275,2.1,0.1,1,1,Импульсивный горожанин
synt_320,28,М,внедорожник,АИ-95,2145,0.1,12.98,0,0,Рациональный водитель
synt_321,39,Ж,внедорожник,АИ-92,1188,0.96,11.95,0,1,Рациональный водитель
synt_322,43,М,универсал,АИ-95,812,0.46,7.28,0,0,Рациональный водитель
synt_323,32,Ж,седан,АИ-95,2081,0.56,20.94,0,1,Премиум-клиент
synt_324,27,Ж,седан,АИ-92,723,0.68,5.03,0,1,Импульсивный горожанин
synt_325,30,Ж,седан,АИ-92,1577,0.17,11.32,0,0,Рациональный водитель
synt_326,38,М,седан,АИ-92,1039,0.77,0.1,1,0,Рациональный водитель
synt_327,39,М,универсал,ДТ,1218,0.4,5.69,0,0,Рациональный водитель
synt_328,18,М,внедорожник,АИ-95,939,1.96,5.11,0,0,Рациональный водитель
synt_329,39,М,хэтчбек,АИ-92,1242,1.12,9.44,1,1,Рациональный водитель
synt_330,25,М,седан,АИ-95,1544,0.18,18.96,1,1,Рациональный водитель
synt_331,27,М,седан,АИ-95,996,0.94,0.1,1,0,Рациональный водитель
synt_332,29,Ж,хэтчбек,АИ-92,1536,1.19,0.1,0,1,Импульсивный горожанин
synt_333,18,Ж,хэтчбек,АИ-95,1501,0.12,0.1,1,1,Импульсивный горожанин
synt_334,37,Ж,седан,АИ-92,947,0.71,6.41,0,1,Рациональный водитель
synt_335,61,Ж,хэтчбек,АИ-92,555,0.1,7.25,0,0,Рациональный водитель
synt_336,52,Ж,внедорожник,АИ-92,904,0.2,16.44,0,0,Рациональный водитель
synt_337,26,М,универсал,ДТ,974,0.23,11.79,0,1,Рациональный водитель
synt_338,18,Ж,седан,АИ-92,882,5.87,15.77,0,0,Импульсивный горожанин
synt_339,28,М,седан,АИ-92,524,0.62,12.18,0,1,Импульсивный горожанин
synt_340,47,М,хэтчбек,АИ-95,1607,0.1,17.1,0,0,Рациональный водитель
synt_341,42,Ж,внедорожник,АИ-92,1315,1.11,16.23,1,1,Рациональный водитель
synt_342,41,Ж,хэтчбек,ДТ,1216,1.06,16.53,0,0,Рациональный водитель
synt_343,24,М,хэтчбек,АИ-92,1159,0.23,0.1,1,0,Рациональный водитель
synt_344,27,Ж,внедорожник,АИ-92,1088,0.48,1.17,0,0,Рациональный водитель
synt_345,28,Ж,седан,ДТ,1341,1.01,0.1,1,0,Рациональный водитель
synt_346,26,М,хэтчбек,АИ-92,1417,1.51,9.3,0,1,Импульсивный горожанин
synt_347,37,М,внедорожник,АИ-92,784,0.3,7.8,1,0,Рациональный водитель
synt_348,19,М,универсал,АИ-95,1768,5.56,2.66,0,0,Импульсивный горожанин
synt_349,39,М,седан,ДТ,385,0.4,11.05,0,0,Рациональный водитель
synt_350,41,М,седан,АИ-92,1485,0.84,0.22,1,0,Рациональный водитель
synt_351,41,Ж,седан,АИ-95,2031,0.97,21.1,0,0,Рациональный водитель
synt_352,45,М,грузовик,АИ-95,2207,0.99,26.06,1,0,Рациональный водитель
synt_353,38,М,грузовик,ДТ,200,1.55,35.0,0,1,Рациональный водитель
synt_354,43,М,хэтчбек,АИ-95,1723,0.18,3.72,0,0,Рациональный водитель
synt_355,45,М,седан,АИ-95,2036,0.91,9.5,0,0,Рациональный водитель
synt_356,26,Ж,седан,АИ-92,1209,1.2,15.65,0,0,Рациональный водитель
synt_357,35,М,внедорожник,АИ-92,1223,0.85,8.09,0,0,Рациональный водитель
synt_358,32,М,седан,АИ-92,677,0.93,3.81,0,0,Рациональный водитель
synt_359,23,Ж,универсал,АИ-92,1249,1.34,12.16,0,1,Импульсивный горожанин
synt_360,28,Ж,хэтчбек,ДТ,1476,0.1,4.04,1,1,Рациональный водитель
synt_361,32,М,седан,АИ-92,701,0.63,1.07,1,1,Импульсивный горожанин
synt_362,32,Ж,хэтчбек,ДТ,319,1.6,1.3,1,0,Рациональный водитель
synt_363,30,М,внедорожник,АИ-95,1359,0.1,9.76,1,0,Рациональный водитель
synt_364,29,Ж,седан,АИ-92,232,0.83,3.8,0,1,Импульсивный горожанин
synt_365,36,М,хэтчбек,АИ-92,2077,0.67,4.36,1,0,Рациональный водитель
synt_366,26,М,внедорожник,АИ-95,1716,1.1,18.13,0,0,Рациональный водитель
synt_367,38,Ж,грузовик,АИ-95,728,0.96,29.61,0,0,Рациональный водитель
synt_368,20,М,универсал,АИ-92,890,0.4,13.44,0,0,Рациональный водитель
synt_369,32,Ж,седан,АИ-95,1380,0.87,22.75,1,0,Рациональный водитель
synt_370,33,М,хэтчбек,АИ-92,483,0.33,7.33,1,1,Рациональный водитель
synt_371,29,Ж,грузовик,АИ-95,1833,0.65,39.74,1,1,Рациональный водитель
synt_372,29,М,универсал,АИ-95,1707,0.25,0.1,1,0,Рациональный водитель
synt_373,26,М,универсал,АИ-95,1145,0.99,0.1,0,0,Рациональный водитель
synt_374,39,М,внедорожник,ДТ,737,2.39,0.1,0,0,Рациональный водитель
synt_375,28,М,внедорожник,АИ-95,1683,7.72,0.79,0,1,Премиум-клиент
synt_376,48,М,седан,АИ-92,1964,2.41,6.77,0,0,Рациональный водитель
synt_377,18,Ж,седан,АИ-92,1689,0.6,0.44,0,0,Рациональный водитель
synt_378,38,М,внедорожник,АИ-95,2071,0.13,0.1,0,1,Премиум-клиент
synt_379,41,Ж,внедорожник,АИ-92,1739,0.1,5.78,0,1,Рациональный водитель
synt_380,47,М,седан,ДТ,1202,0.31,6.57,0,0,Рациональный водитель
synt_381,43,Ж,универсал,АИ-95,1317,0.32,12.01,0,0,Рациональный водитель
synt_382,49,М,седан,АИ-92,671,1.8,0.1,0,1,Рациональный водитель
synt_383,41,М,седан,АИ-92,923,0.9,5.68,1,0,Рациональный водитель
synt_384,18,Ж,хэтчбек,АИ-95,1846,1.7,6.33,0,1,Импульсивный горожанин
synt_385,25,М,универсал,АИ-95,2198,2.4,14.08,1,1,Премиум-клиент
synt_386,23,М,седан,АИ-92,1091,0.34,18.7,0,0,Рациональный водитель
synt_387,21,М,седан,АИ-95,2294,2.33,15.11,0,0,Рациональный водитель
synt_388,26,Ж,хэтчбек,АИ-95,1413,0.4,11.87,1,0,Рациональный водитель
synt_389,33,М,внедорожник,АИ-92,1037,3.94,17.13,1,0,Рациональный водитель
synt_390,41,М,седан,АИ-92,302,2.79,9.66,0,0,Рациональный водитель
synt_391,18,М,седан,АИ-95,1155,0.61,9.45,1,0,Рациональный водитель
synt_392,21,М,универсал,АИ-95,634,0.45,2.37,0,0,Рациональный водитель
synt_393,19,Ж,седан,АИ-92,200,1.65,1.71,0,0,Рациональный водитель
synt_394,46,Ж,седан,ДТ,1134,0.1,20.66,0,0,Рациональный водитель
synt_395,39,Ж,хэтчбек,АИ-95,1107,0.1,0.1,0,0,Рациональный водитель
synt_396,32,Ж,седан,АИ-92,200,1.79,14.15,0,0,Рациональный водитель
synt_397,21,М,внедорожник,АИ-92,716,1.13,0.56,1,1,Импульсивный горожанин
synt_398,37,М,универсал,АИ-92,520,2.11,2.66,0,1,Импульсивный горожанин
synt_399,52,Ж,седан,АИ-95,1507,2.72,6.8,0,0,Рациональный водитель
synt_400,41,Ж,внедорожник,АИ-95,2150,1.74,0.98,1,0,Рациональный водитель
synt_401,47,М,внедорожник,ДТ,1056,0.29,4.55,0,0,Рациональный водитель
synt_402,47,М,седан,АИ-92,1603,0.42,0.1,0,0,Рациональный водитель
synt_403,33,Ж,седан,ДТ,1231,0.1,18.2,0,1,Рациональный водитель
synt_404,45,Ж,седан,АИ-95,1213,0.79,0.1,0,1,Рациональный водитель
synt_405,31,Ж,универсал,АИ-92,516,0.5,13.39,1,1,Рациональный водитель
synt_406,51,М,универсал,ДТ,850,2.03,0.94,0,0,Рациональный водитель
synt_407,18,М,хэтчбек,АИ-92,1527,1.55,4.29,0,0,Рациональный водитель
synt_408,34,Ж,внедорожник,АИ-92,592,2.35,12.48,1,0,Рациональный водитель
synt_409,34,Ж,универсал,АИ-92,758,0.26,4.11,1,0,Рациональный водитель
synt_410,26,М,седан,АИ-95,1495,0.58,0.1,1,0,Рациональный водитель
synt_411,22,М,универсал,АИ-95,1543,0.17,1.33,1,0,Рациональный водитель
synt_412,28,Ж,седан,АИ-92,1627,0.21,0.1,0,0,Рациональный водитель
synt_413,24,М,седан,АИ-95,1199,1.75,12.83,1,1,Импульсивный горожанин
synt_414,40,Ж,внедорожник,АИ-95,1349,4.9,3.35,1,0,Рациональный водитель
synt_415,43,Ж,седан,АИ-95,2231,0.97,0.1,1,0,Рациональный водитель
synt_416,18,Ж,седан,ДТ,1371,0.81,9.34,0,1,Импульсивный горожанин
synt_417,25,Ж,седан,АИ-95,1229,0.11,12.2,1,0,Рациональный водитель
synt_418,39,М,хэтчбек,АИ-95,811,0.32,19.62,0,1,Рациональный водитель
synt_419,24,Ж,хэтчбек,АИ-92,1302,0.1,7.27,0,1,Рациональный водитель
synt_420,25,Ж,седан,АИ-95,1416,0.63,9.27,1,1,Рациональный водитель
synt_421,24,М,седан,АИ-92,1764,1.09,6.48,0,0,Рациональный водитель
synt_422,44,М,седан,АИ-95,1751,0.52,3.08,1,0,Рациональный водитель
synt_423,37,Ж,универсал,АИ-95,756,1.13,7.94,1,1,Рациональный водитель
synt_424,36,М,седан,АИ-95,1985,0.1,18.88,0,0,Рациональный водитель
synt_425,41,М,седан,АИ-92,1776,1.78,6.85,1,0,Рациональный водитель
synt_426,41,Ж,хэтчбек,АИ-92,480,0.1,0.1,0,0,Рациональный водитель
synt_427,35,М,седан,АИ-95,1721,0.48,0.1,1,1,Рациональный водитель
synt_428,50,М,седан,АИ-92,987,0.76,7.2,0,0,Рациональный водитель
synt_429,47,М,седан,АИ-92,1135,1.12,0.1,1,0,Рациональный водитель
synt_430,46,М,хэтчбек,АИ-95,1914,2.06,11.56,0,0,Рациональный водитель
synt_431,23,М,седан,АИ-92,1179,0.96,2.11,1,0,Рациональный водитель
synt_432,39,М,внедорожник,АИ-95,1158,0.1,5.68,1,0,Рациональный водитель
synt_433,19,Ж,универсал,АИ-92,1103,0.69,0.1,1,0,Рациональный водитель
synt_434,43,Ж,универсал,АИ-95,1179,1.02,15.93,0,1,Рациональный водитель
synt_435,40,М,универсал,АИ-92,1718,0.38,0.1,0,0,Рациональный водитель
synt_436,47,Ж,внедорожник,АИ-92,1087,3.48,0.1,1,1,Импульсивный горожанин
synt_437,35,М,хэтчбек,ДТ,200,0.6,0.1,1,0,Рациональный водитель
synt_438,18,М,внедорожник,АИ-95,2297,0.1,0.1,0,0,Рациональный водитель
synt_439,39,М,внедорожник,АИ-95,1552,0.87,0.1,1,0,Рациональный водитель
synt_440,24,М,хэтчбек,АИ-92,1032,0.9,0.1,0,0,Рациональный водитель
synt_441,46,М,седан,АИ-95,1274,2.39,0.1,1,1,Импульсивный горожанин
synt_442,26,М,хэтчбек,АИ-92,1480,0.1,7.54,0,0,Рациональный водитель
synt_443,39,М,универсал,АИ-92,1227,2.08,8.49,0,0,Рациональный водитель
synt_444,18,Ж,внедорожник,АИ-95,1264,0.14,11.75,0,0,Рациональный водитель
synt_445,29,М,универсал,АИ-92,941,0.24,0.14,0,0,Рациональный водитель
synt_446,34,М,внедорожник,АИ-95,2007,1.0,6.7,0,0,Рациональный водитель
synt_447,40,М,хэтчбек,АИ-92,960,0.98,0.1,1,0,Рациональный водитель
synt_448,37,Ж,внедорожник,АИ-92,762,0.58,6.88,1,1,Рациональный водитель
synt_449,30,М,внедорожник,АИ-95,997,0.66,13.71,1,0,Рациональный водитель
synt_450,31,М,седан,АИ-95,1905,0.82,6.42,0,1,Рациональный водитель
synt_451,36,Ж,седан,ДТ,465,1.85,1.36,1,1,Импульсивный горожанин
synt_452,32,М,внедорожник,АИ-92,1127,0.15,6.05,1,0,Рациональный водитель
synt_453,46,М,внедорожник,АИ-92,1554,0.1,0.1,1,0,Рациональный водитель
synt_454,29,М,хэтчбек,АИ-92,442,0.1,0.47,1,0,Рациональный водитель
synt_455,40,М,универсал,АИ-92,1774,0.33,14.45,0,1,Рациональный водитель
synt_456,28,Ж,универсал,АИ-92,389,3.83,0.1,1,0,Импульсивный горожанин
synt_457,47,М,хэтчбек,АИ-95,1149,1.63,0.1,0,0,Рациональный водитель
synt_458,39,М,внедорожник,ДТ,1159,0.5,0.1,1,1,Рациональный водитель
synt_459,29,Ж,внедорожник,АИ-92,530,0.44,16.98,1,0,Рациональный водитель
synt_460,53,М,хэтчбек,АИ-92,1481,0.83,0.1,1,0,Рациональный водитель
synt_461,48,Ж,хэтчбек,АИ-95,1625,0.14,0.75,0,0,Рациональный водитель
synt_462,19,М,седан,АИ-95,1897,0.1,0.1,0,0,Рациональный водитель
synt_463,33,М,хэтчбек,АИ-95,980,0.52,12.67,1,1,Рациональный водитель
synt_464,35,Ж,хэтчбек,АИ-95,2001,0.56,8.13,0,0,Рациональный водитель
synt_465,22,М,седан,АИ-92,1114,0.37,22.0,0,0,Рациональный водитель
synt_466,48,М,седан,АИ-92,404,0.33,5.75,0,0,Рациональный водитель
synt_467,45,Ж,седан,АИ-92,1241,2.17,23.43,0,0,Рациональный водитель
synt_468,20,Ж,грузовик,АИ-95,1759,0.55,27.09,1,0,Рациональный водитель
synt_469,26,М,универсал,АИ-95,1212,1.12,11.26,0,0,Рациональный водитель
synt_470,27,М,седан,ДТ,1223,0.36,6.5,0,0,Рациональный водитель
synt_471,25,Ж,хэтчбек,АИ-95,1386,0.23,0.1,0,0,Рациональный водитель
synt_472,35,Ж,седан,АИ-92,666,1.53,0.1,0,0,Рациональный водитель
synt_473,39,Ж,седан,ДТ,1106,0.47,1.02,0,1,Рациональный водитель
synt_474,33,М,седан,АИ-95,1349,1.96,10.74,0,0,Рациональный водитель
synt_475,39,Ж,хэтчбек,АИ-92,669,0.69,6.28,1,0,Рациональный водитель
synt_476,57,Ж,универсал,АИ-92,948,1.09,7.73,0,0,Рациональный водитель
synt_477,33,Ж,седан,АИ-95,1635,1.35,0.1,0,1,Импульсивный горожанин
synt_478,43,М,хэтчбек,АИ-95,1359,0.18,13.4,0,0,Рациональный водитель
synt_479,41,М,хэтчбек,АИ-95,1159,1.76,9.27,1,0,Рациональный водитель
synt_480,43,Ж,хэтчбек,АИ-92,1144,0.12,9.87,0,0,Рациональный водитель
synt_481,45,М,седан,ДТ,1581,0.35,0.8,1,1,Рациональный водитель
synt_482,48,М,грузовик,АИ-92,452,1.24,19.97,0,0,Рациональный водитель
synt_483,67,М,грузовик,АИ-92,1923,0.58,37.96,0,0,Рациональный водитель
synt_484,52,Ж,седан,АИ-95,1101,0.61,19.62,1,0,Рациональный водитель
synt_485,18,М,грузовик,АИ-92,1058,3.03,26.34,1,0,Рациональный водитель
synt_486,33,М,седан,ДТ,1191,0.18,10.44,1,1,Рациональный водитель
synt_487,38,М,седан,АИ-95,1567,0.43,16.43,0,1,Рациональный водитель
synt_488,20,М,грузовик,АИ-92,957,2.12,26.37,1,0,Рациональный водитель
synt_489,36,Ж,универсал,АИ-92,1816,1.51,7.22,0,0,Рациональный водитель
synt_490,34,Ж,седан,АИ-95,1615,0.42,0.5,1,0,Рациональный водитель
synt_491,41,М,универсал,АИ-92,778,0.37,0.1,1,1,Рациональный водитель
synt_492,27,М,седан,АИ-92,1368,2.36,2.59,0,0,Рациональный водитель
synt_493,33,М,седан,АИ-92,869,1.53,7.53,1,1,Импульсивный горожанин
synt_494,26,Ж,седан,АИ-95,1178,3.11,5.68,1,0,Рациональный водитель
synt_495,37,М,внедорожник,АИ-95,1403,2.73,3.69,1,0,Рациональный водитель
synt_496,37,М,внедорожник,АИ-95,1695,0.18,0.1,1,0,Рациональный водитель
synt_497,41,Ж,седан,АИ-95,1824,0.1,0.1,1,0,Рациональный водитель
synt_498,18,Ж,грузовик,АИ-92,1222,0.65,28.93,0,1,Рациональный водитель
synt_499,34,Ж,седан,АИ-95,1573,0.21,14.46,1,0,Рациональный водитель
synt_500,39,М,хэтчбек,АИ-92,1119,1.68,0.1,1,1,Импульсивный горожанин
synt_501,28,М,хэтчбек,АИ-95,1216,1.19,13.73,1,0,Рациональный водитель
synt_502,30,Ж,седан,АИ-92,868,1.15,11.41,1,0,Рациональный водитель
synt_503,31,Ж,седан,АИ-92,939,0.1,1.38,1,0,Рациональный водитель
synt_504,27,М,внедорожник,АИ-92,1189,0.18,3.29,0,1,Рациональный водитель
synt_505,38,Ж,хэтчбек,АИ-95,2161,0.22,0.1,0,0,Рациональный водитель
synt_506,20,Ж,хэтчбек,АИ-95,1403,0.26,0.1,0,0,Рациональный водитель
synt_507,18,Ж,внедорожник,АИ-95,1143,0.43,6.14,0,0,Рациональный водитель
synt_508,43,М,внедорожник,АИ-95,1977,2.83,0.56,0,0,Рациональный водитель
synt_509,39,М,седан,АИ-92,1151,1.12,17.92,1,0,Рациональный водитель
synt_510,31,М,хэтчбек,АИ-95,1238,1.38,0.1,0,1,Импульсивный горожанин
synt_511,34,М,универсал,АИ-95,1719,1.23,2.23,1,1,Рациональный водитель
synt_512,18,М,седан,ДТ,1301,1.83,0.1,0,1,Импульсивный горожанин
synt_513,41,Ж,хэтчбек,ДТ,1611,0.85,15.0,1,0,Рациональный водитель
synt_514,21,М,седан,АИ-95,841,0.64,17.04,0,0,Рациональный водитель
synt_515,40,М,внедорожник,АИ-92,1171,1.23,22.47,1,1,Рациональный водитель
synt_516,40,М,седан,АИ-95,1664,0.57,12.04,0,0,Рациональный водитель
synt_517,35,М,седан,АИ-95,1807,0.13,7.49,0,0,Рациональный водитель
synt_518,18,М,внедорожник,АИ-95,1530,0.9,5.99,1,0,Рациональный водитель
synt_519,48,М,внедорожник,АИ-92,1656,0.73,9.43,1,1,Рациональный водитель
synt_520,29,М,хэтчбек,АИ-92,1177,0.43,0.1,0,0,Рациональный водитель
synt_521,18,Ж,седан,АИ-95,1511,0.41,18.15,0,1,Рациональный водитель
synt_522,38,Ж,внедорожник,АИ-95,1460,0.56,0.1,1,1,Рациональный водитель
synt_523,30,М,внедорожник,АИ-95,1753,0.1,0.1,1,1,Рациональный водитель
synt_524,36,Ж,седан,АИ-92,1471,0.3,3.3,0,1,Рациональный водитель
synt_525,56,М,седан,АИ-92,430,0.11,0.1,0,0,Рациональный водитель
synt_526,32,Ж,универсал,АИ-95,1074,1.0,12.96,0,0,Рациональный водитель
synt_527,26,М,универсал,АИ-92,1382,0.66,6.64,0,1,Импульсивный горожанин
synt_528,42,М,универсал,АИ-95,1123,0.1,5.28,0,0,Рациональный водитель
synt_529,27,Ж,универсал,АИ-95,1572,0.13,16.7,0,0,Рациональный водитель
synt_530,39,Ж,универсал,АИ-95,1341,0.23,0.1,0,0,Рациональный водитель
synt_531,23,М,хэтчбек,АИ-95,1921,0.26,1.43,1,0,Рациональный водитель
synt_532,36,М,грузовик,АИ-92,883,1.97,27.11,0,0,Рациональный водитель
synt_533,48,Ж,седан,АИ-95,1410,2.44,14.12,1,0,Рациональный водитель
synt_534,31,Ж,универсал,АИ-95,1723,0.32,3.61,1,0,Рациональный водитель
synt_535,40,Ж,седан,АИ-92,764,0.33,15.81,0,0,Рациональный водитель
synt_536,43,Ж,внедорожник,АИ-95,1229,1.41,0.1,1,0,Рациональный водитель
synt_537,51,М,седан,АИ-92,850,0.64,1.36,1,1,Рациональный водитель
synt_538,24,М,универсал,АИ-92,1673,0.54,13.0,0,0,Рациональный водитель
synt_539,32,Ж,хэтчбек,АИ-92,1000,0.46,4.55,0,0,Рациональный водитель
synt_540,38,Ж,хэтчбек,АИ-95,1447,0.64,13.84,1,0,Рациональный водитель
synt_541,29,Ж,внедорожник,АИ-92,1097,0.8,12.92,1,0,Рациональный водитель
synt_542,32,М,седан,ДТ,255,0.63,5.9,0,0,Рациональный водитель
synt_543,32,М,хэтчбек,АИ-95,1401,0.26,1.13,0,0,Рациональный водитель
synt_544,25,Ж,внедорожник,АИ-92,960,1.24,12.81,0,1,Импульсивный горожанин
synt_545,37,М,седан,АИ-92,796,0.1,1.17,0,0,Рациональный водитель
synt_546,38,М,седан,АИ-95,1436,0.77,12.49,0,0,Рациональный водитель
synt_547,45,Ж,грузовик,АИ-95,873,1.1,31.95,1,0,Рациональный водитель
synt_548,24,М,грузовик,АИ-92,682,0.67,31.19,0,0,Рациональный водитель
synt_549,26,М,седан,ДТ,549,2.9,11.38,0,1,Импульсивный горожанин
synt_550,18,Ж,универсал,АИ-92,871,0.3,5.2,0,0,Рациональный водитель
synt_551,38,М,внедорожник,АИ-92,278,3.79,4.96,0,1,Импульсивный горожанин
synt_552,46,М,хэтчбек,АИ-95,2014,0.19,0.12,1,0,Рациональный водитель
synt_553,49,М,хэтчбек,АИ-95,1361,0.42,0.28,1,0,Рациональный водитель
synt_554,41,М,седан,АИ-95,338,3.41,9.73,0,0,Рациональный водитель
synt_555,37,Ж,хэтчбек,АИ-95,1063,0.47,4.27,1,0,Рациональный водитель
synt_556,26,М,грузовик,ДТ,699,2.76,20.03,0,0,Рациональный водитель
synt_557,37,Ж,седан,АИ-95,701,0.1,3.94,1,0,Рациональный водитель
synt_558,29,М,седан,АИ-92,471,0.86,0.1,0,1,Импульсивный горожанин
synt_559,46,Ж,седан,АИ-95,1889,0.1,17.07,1,0,Рациональный водитель
synt_560,41,М,универсал,АИ-95,1323,3.06,2.27,1,1,Импульсивный горожанин
synt_561,47,М,седан,АИ-92,389,0.27,1.61,0,1,Рациональный водитель
synt_562,21,М,внедорожник,ДТ,545,0.71,0.1,0,0,Рациональный водитель
synt_563,30,Ж,седан,АИ-92,1402,1.21,4.84,1,0,Рациональный водитель
synt_564,33,Ж,седан,АИ-95,1313,1.3,0.1,0,0,Рациональный водитель
synt_565,41,Ж,универсал,АИ-92,538,1.39,0.1,0,0,Рациональный водитель
synt_566,40,М,универсал,АИ-95,1629,0.1,23.23,1,0,Рациональный водитель
synt_567,25,М,седан,АИ-92,775,0.62,8.23,1,0,Рациональный водитель
synt_568,42,Ж,хэтчбек,АИ-92,1414,0.86,8.56,0,0,Рациональный водитель
synt_569,29,Ж,седан,АИ-92,1012,0.35,0.1,0,0,Рациональный водитель
synt_570,36,М,седан,АИ-92,1031,0.63,13.43,1,0,Рациональный водитель
synt_571,36,Ж,седан,АИ-92,1070,0.1,0.14,1,0,Рациональный водитель
synt_572,30,Ж,хэтчбек,АИ-95,1250,1.33,7.71,1,0,Рациональный водитель
synt_573,25,Ж,седан,АИ-95,1114,1.29,8.9,0,1,Импульсивный горожанин
synt_574,45,Ж,грузовик,ДТ,783,0.95,29.43,0,0,Рациональный водитель
synt_575,28,М,внедорожник,ДТ,975,1.02,7.1,1,0,Рациональный водитель
synt_576,18,М,внедорожник,АИ-92,1449,1.26,15.12,1,0,Рациональный водитель
synt_577,38,М,хэтчбек,АИ-95,1162,2.21,0.1,1,0,Рациональный водитель
synt_578,18,Ж,седан,АИ-92,1124,0.21,0.1,1,0,Рациональный водитель
synt_579,40,М,универсал,АИ-92,1272,0.42,0.1,0,0,Рациональный водитель
synt_580,35,М,седан,АИ-92,1049,1.83,0.1,1,1,Импульсивный горожанин
synt_581,47,М,седан,АИ-95,1615,0.32,14.51,0,0,Рациональный водитель
synt_582,53,М,внедорожник,АИ-92,1153,1.96,0.1,0,0,Рациональный водитель
synt_583,38,Ж,хэтчбек,АИ-95,2013,1.8,1.31,0,0,Рациональный водитель
synt_584,42,Ж,седан,АИ-95,1708,0.19,0.1,1,0,Рациональный водитель
synt_585,39,М,универсал,АИ-92,768,1.04,0.29,0,0,Рациональный водитель
synt_586,30,Ж,седан,АИ-92,1091,0.35,4.64,1,0,Рациональный водитель
synt_587,19,Ж,седан,АИ-95,1665,0.11,10.52,1,0,Рациональный водитель
synt_588,37,М,универсал,АИ-95,1128,0.36,0.27,1,1,Рациональный водитель
synt_589,33,Ж,седан,АИ-92,634,1.03,1.1,0,0,Рациональный водитель
synt_590,45,Ж,хэтчбек,АИ-95,1889,0.84,4.12,0,0,Рациональный водитель
synt_591,40,Ж,грузовик,ДТ,648,1.66,35.94,1,0,Рациональный водитель
synt_592,28,Ж,внедорожник,АИ-95,811,0.37,0.1,0,0,Рациональный водитель
synt_593,38,М,седан,АИ-92,1233,2.43,16.15,1,0,Рациональный водитель
synt_594,43,М,внедорожник,АИ-95,1611,0.27,2.56,0,0,Рациональный водитель
synt_595,26,М,универсал,АИ-92,1087,1.71,11.82,0,0,Рациональный водитель
synt_596,22,М,хэтчбек,АИ-92,797,0.11,0.1,1,0,Рациональный водитель
synt_597,27,М,грузовик,АИ-95,1411,1.04,25.47,1,1,Рациональный водитель
synt_598,43,М,хэтчбек,ДТ,1491,0.59,4.91,0,0,Рациональный водитель
synt_599,30,Ж,седан,АИ-92,568,0.77,4.94,0,0,Рациональный водитель
synt_600,36,Ж,хэтчбек,АИ-95,2191,0.99,0.1,0,1,Премиум-клиент
synt_601,31,М,хэтчбек,АИ-92,1195,0.71,16.54,1,1,Рациональный водитель
synt_602,29,М,хэтчбек,АИ-95,1404,0.55,5.07,0,0,Рациональный водитель
synt_603,26,Ж,хэтчбек,АИ-92,1308,0.27,13.77,0,0,Рациональный водитель
synt_604,39,Ж,хэтчбек,АИ-92,421,0.99,4.53,1,0,Рациональный водитель
synt_605,18,М,универсал,АИ-95,367,0.6,10.1,0,1,Импульсивный горожанин
synt_606,51,М,седан,ДТ,1146,0.76,3.93,0,0,Рациональный водитель
synt_607,31,М,хэтчбек,АИ-92,623,1.51,0.48,0,0,Рациональный водитель
synt_608,30,Ж,внедорожник,АИ-95,1006,0.88,12.66,1,0,Рациональный водитель
synt_609,39,М,хэтчбек,АИ-95,1077,1.12,11.89,1,0,Рациональный водитель
synt_610,37,М,грузовик,АИ-92,1359,0.74,39.04,1,0,Рациональный водитель
synt_611,20,М,универсал,ДТ,806,0.42,12.61,1,1,Импульсивный горожанин
synt_612,40,Ж,хэтчбек,АИ-92,401,0.46,12.68,0,0,Рациональный водитель
synt_613,40,М,хэтчбек,АИ-95,1448,2.28,0.13,0,0,Рациональный водитель
synt_614,40,М,грузовик,АИ-92,1050,1.36,20.58,0,1,Рациональный водитель
synt_615,42,Ж,универсал,АИ-92,1044,0.78,4.35,1,0,Рациональный водитель
synt_616,18,М,хэтчбек,АИ-95,1662,0.19,0.1,0,0,Рациональный водитель
synt_617,27,Ж,седан,АИ-95,1513,1.7,5.01,0,0,Рациональный водитель
synt_618,39,М,внедорожник,АИ-95,1433,1.92,0.1,0,1,Импульсивный горожанин
synt_619,32,Ж,седан,АИ-95,1337,0.11,0.1,0,1,Рациональный водитель
synt_620,47,Ж,седан,АИ-95,1604,0.14,13.19,0,1,Рациональный водитель
synt_621,45,М,внедорожник,АИ-95,1818,2.75,10.16,0,0,Рациональный водитель
synt_622,35,Ж,внедорожник,АИ-95,1983,1.78,4.73,0,0,Рациональный водитель
synt_623,62,М,хэтчбек,АИ-95,1377,0.41,2.88,0,0,Рациональный водитель
synt_624,31,М,внедорожник,АИ-92,979,0.79,3.91,0,0,Рациональный водитель
synt_625,40,М,седан,АИ-92,977,0.61,0.1,0,1,Рациональный водитель
synt_626,41,М,хэтчбек,АИ-92,444,1.35,7.4,1,0,Рациональный водитель
synt_627,38,М,хэтчбек,АИ-92,900,2.36,3.73,0,1,Импульсивный горожанин
synt_628,33,М,универсал,ДТ,1272,0.79,3.41,1,0,Рациональный водитель
synt_629,43,М,седан,АИ-92,525,7.53,9.7,0,0,Импульсивный горожанин
synt_630,41,М,седан,АИ-92,1099,0.1,17.81,1,1,Рациональный водитель
synt_631,41,Ж,универсал,АИ-95,1443,0.45,0.51,0,0,Рациональный водитель
synt_632,39,Ж,универсал,АИ-95,1245,0.1,5.46,1,1,Рациональный водитель
synt_633,43,М,универсал,АИ-92,1379,0.36,0.1,1,0,Рациональный водитель
synt_634,21,М,грузовик,АИ-92,786,2.31,31.21,0,0,Рациональный водитель
synt_635,22,М,седан,АИ-95,1593,0.24,0.1,1,1,Импульсивный горожанин
synt_636,44,Ж,хэтчбек,АИ-95,1568,0.17,8.13,1,0,Рациональный водитель
synt_637,27,Ж,хэтчбек,АИ-92,1643,2.95,0.1,0,1,Импульсивный горожанин
synt_638,22,М,седан,АИ-92,1483,1.63,0.1,1,0,Рациональный водитель
synt_639,24,Ж,хэтчбек,АИ-92,850,0.46,7.14,1,0,Рациональный водитель
synt_640,26,Ж,внедорожник,АИ-95,1545,0.19,11.85,1,0,Рациональный водитель
synt_641,48,Ж,универсал,ДТ,1517,0.1,18.31,0,0,Рациональный водитель
synt_642,38,М,хэтчбек,АИ-95,1470,0.19,0.1,1,1,Рациональный водитель
synt_643,45,Ж,хэтчбек,АИ-95,623,0.24,5.03,0,1,Рациональный водитель
synt_644,47,М,хэтчбек,АИ-92,1882,1.06,14.59,1,0,Рациональный водитель
synt_645,31,Ж,хэтчбек,АИ-95,1673,1.25,7.61,0,0,Рациональный водитель
synt_646,21,Ж,внедорожник,АИ-92,1209,0.39,3.98,0,0,Рациональный водитель
synt_647,28,Ж,седан,АИ-95,1405,0.58,17.23,1,0,Рациональный водитель
synt_648,34,М,внедорожник,АИ-95,1295,0.74,14.13,0,0,Рациональный водитель
synt_649,37,Ж,хэтчбек,АИ-95,1441,0.1,6.54,0,0,Рациональный водитель
synt_650,58,М,седан,ДТ,649,0.1,0.1,1,0,Рациональный водитель
synt_651,42,М,хэтчбек,АИ-92,2245,0.21,0.1,1,0,Рациональный водитель
synt_652,31,Ж,универсал,АИ-92,930,3.91,2.39,0,0,Рациональный водитель
synt_653,35,М,хэтчбек,ДТ,904,3.46,0.1,0,0,Рациональный водитель
synt_654,55,М,внедорожник,АИ-92,200,0.87,0.1,1,1,Рациональный водитель
synt_655,47,Ж,седан,ДТ,1005,2.43,10.85,0,0,Рациональный водитель
synt_656,40,Ж,внедорожник,АИ-92,897,0.99,0.1,0,0,Рациональный водитель
synt_657,39,М,внедорожник,АИ-95,823,1.18,0.1,0,0,Рациональный водитель
synt_658,34,Ж,универсал,АИ-92,869,0.38,10.92,0,0,Рациональный водитель
synt_659,33,Ж,внедорожник,АИ-92,830,0.55,10.95,0,0,Рациональный водитель
synt_660,32,Ж,внедорожник,АИ-92,825,0.17,0.1,0,0,Рациональный водитель
synt_661,41,Ж,универсал,АИ-95,877,0.72,7.68,0,1,Рациональный водитель
synt_662,49,М,внедорожник,АИ-92,1034,0.77,1.61,0,0,Рациональный водитель
synt_663,35,Ж,грузовик,АИ-92,714,0.89,18.86,1,0,Рациональный водитель
synt_664,52,М,хэтчбек,ДТ,1322,0.1,0.2,0,1,Рациональный водитель
synt_665,45,Ж,грузовик,АИ-95,1700,3.09,21.76,0,1,Премиум-клиент
synt_666,35,М,внедорожник,АИ-95,1758,0.48,4.9,0,0,Рациональный водитель
synt_667,19,М,седан,ДТ,1326,0.14,2.94,1,0,Рациональный водитель
synt_668,34,М,седан,АИ-95,1735,2.47,10.33,0,0,Рациональный водитель
synt_669,38,М,седан,АИ-95,1681,1.3,0.1,0,1,Премиум-клиент
synt_670,28,М,грузовик,АИ-92,830,2.34,38.46,0,0,Рациональный водитель
synt_671,33,Ж,универсал,АИ-95,1415,0.93,9.14,0,0,Рациональный водитель
synt_672,29,М,седан,АИ-95,1032,0.58,5.07,1,0,Рациональный водитель
synt_673,34,Ж,хэтчбек,АИ-92,1006,0.1,0.1,1,0,Рациональный водитель
synt_674,23,М,внедорожник,АИ-95,675,0.55,13.73,0,1,Импульсивный горожанин
synt_675,37,Ж,седан,АИ-92,821,0.84,2.05,0,0,Рациональный водитель
synt_676,37,М,седан,АИ-92,908,0.36,16.51,1,0,Рациональный водитель
synt_677,26,М,седан,ДТ,1370,0.87,24.05,1,0,Рациональный водитель
synt_678,43,М,седан,АИ-92,1289,0.37,5.49,0,0,Рациональный водитель
synt_679,37,М,внедорожник,АИ-95,1297,1.29,3.2,0,0,Рациональный водитель
synt_680,25,Ж,седан,АИ-95,1712,1.2,19.68,0,1,Рациональный водитель
synt_681,38,Ж,седан,ДТ,1827,0.89,4.18,0,0,Рациональный водитель
synt_682,26,М,универсал,АИ-92,1350,2.27,3.43,0,0,Рациональный водитель
synt_683,25,М,внедорожник,АИ-92,784,0.39,1.7,0,0,Рациональный водитель
synt_684,27,М,хэтчбек,АИ-95,1193,1.36,14.36,1,1,Импульсивный горожанин
synt_685,45,М,седан,АИ-92,780,1.96,0.1,0,0,Рациональный водитель
synt_686,42,Ж,седан,АИ-95,1945,0.1,0.1,1,0,Рациональный водитель
synt_687,27,Ж,седан,АИ-95,1531,1.63,17.95,0,0,Рациональный водитель
synt_688,39,Ж,седан,АИ-95,1225,0.36,16.14,0,0,Рациональный водитель
synt_689,35,Ж,универсал,АИ-92,1303,0.26,11.86,0,0,Рациональный водитель
synt_690,40,М,внедорожник,АИ-92,1389,0.1,0.1,0,0,Рациональный водитель
synt_691,26,М,седан,ДТ,1075,1.65,0.1,0,0,Рациональный водитель
synt_692,32,М,хэтчбек,ДТ,1070,1.98,0.1,0,0,Рациональный водитель
synt_693,29,Ж,внедорожник,АИ-92,1087,0.82,0.69,1,0,Рациональный водитель
synt_694,32,Ж,хэтчбек,ДТ,597,0.17,0.1,1,0,Рациональный водитель
synt_695,31,М,универсал,АИ-95,1808,0.18,0.1,0,0,Рациональный водитель
synt_696,29,Ж,седан,АИ-92,1248,0.38,0.1,0,0,Рациональный водитель
synt_697,36,Ж,седан,АИ-92,1464,0.38,0.1,0,0,Рациональный водитель
synt_698,32,М,внедорожник,АИ-92,905,0.62,2.38,0,0,Рациональный водитель
synt_699,30,М,седан,АИ-95,2135,0.1,0.1,1,0,Рациональный водитель
synt_700,34,Ж,хэтчбек,АИ-95,1678,3.37,5.15,1,0,Рациональный водитель
synt_701,29,Ж,внедорожник,ДТ,752,0.1,11.74,0,1,Рациональный водитель
synt_702,35,М,хэтчбек,АИ-92,857,0.6,0.1,0,1,Рациональный водитель
synt_703,36,М,седан,АИ-95,1559,0.32,6.92,1,0,Рациональный водитель
synt_704,42,Ж,седан,АИ-95,1156,0.2,0.1,0,0,Рациональный водитель
synt_705,26,Ж,седан,АИ-95,1502,0.57,0.79,0,0,Рациональный водитель
synt_706,29,Ж,седан,АИ-92,1273,2.68,4.57,1,0,Рациональный водитель
synt_707,35,М,универсал,ДТ,523,0.48,12.71,0,1,Рациональный водитель
synt_708,34,М,внедорожник,АИ-92,474,0.1,11.35,1,0,Рациональный водитель
synt_709,34,М,грузовик,АИ-92,1473,0.74,23.2,1,0,Рациональный водитель
synt_710,29,Ж,внедорожник,ДТ,1799,0.1,14.12,0,0,Рациональный водитель
synt_711,44,М,седан,АИ-92,1559,0.14,4.71,1,0,Рациональный водитель
synt_712,41,М,седан,АИ-95,1655,0.1,11.61,0,0,Рациональный водитель
synt_713,31,Ж,седан,АИ-95,1299,0.64,3.53,0,0,Рациональный водитель
synt_714,34,М,хэтчбек,АИ-95,1516,0.51,9.78,0,0,Рациональный водитель
synt_715,27,Ж,внедорожник,АИ-95,1346,0.64,8.45,1,0,Рациональный водитель
synt_716,22,М,внедорожник,АИ-95,1704,0.1,9.95,1,0,Рациональный водитель
synt_717,30,М,внедорожник,АИ-92,1336,0.1,3.18,0,0,Рациональный водитель
synt_718,33,Ж,универсал,АИ-92,831,0.21,5.89,0,0,Рациональный водитель
synt_719,22,М,седан,АИ-92,398,0.23,11.03,1,1,Импульсивный горожанин
synt_720,28,М,универсал,АИ-92,912,1.38,0.1,0,0,Рациональный водитель
synt_721,33,М,грузовик,АИ-92,2000,0.67,20.14,0,0,Рациональный водитель
synt_722,44,М,универсал,АИ-92,1679,1.09,0.1,0,0,Рациональный водитель
synt_723,25,Ж,внедорожник,АИ-95,1662,0.1,4.49,0,0,Рациональный водитель
synt_724,20,Ж,внедорожник,АИ-95,1583,0.28,2.89,0,0,Рациональный водитель
synt_725,35,Ж,хэтчбек,АИ-92,1276,0.92,4.98,1,1,Рациональный водитель
synt_726,29,М,внедорожник,АИ-95,1502,0.2,0.1,0,0,Рациональный водитель
synt_727,51,М,хэтчбек,АИ-92,1156,0.66,14.49,1,1,Рациональный водитель
synt_728,50,М,универсал,АИ-95,1364,0.9,0.1,0,1,Рациональный водитель
synt_729,39,М,седан,ДТ,889,0.95,3.49,1,1,Рациональный водитель
synt_730,33,Ж,внедорожник,АИ-95,1432,0.21,11.15,0,0,Рациональный водитель
synt_731,41,Ж,седан,АИ-95,2206,2.12,0.91,1,0,Рациональный водитель
synt_732,18,М,универсал,АИ-92,1797,0.18,1.36,0,0,Рациональный водитель
synt_733,38,Ж,седан,ДТ,1380,0.14,0.1,0,0,Рациональный водитель
synt_734,43,Ж,седан,АИ-92,1533,0.11,9.65,0,0,Рациональный водитель
synt_735,42,М,внедорожник,АИ-92,776,0.87,0.14,0,0,Рациональный водитель
synt_736,50,Ж,седан,АИ-95,827,0.28,2.64,0,0,Рациональный водитель
synt_737,48,М,внедорожник,ДТ,731,1.47,5.06,1,0,Рациональный водитель
synt_738,20,Ж,хэтчбек,АИ-92,1065,0.48,10.96,0,0,Рациональный водитель
synt_739,28,М,седан,АИ-95,2629,0.78,7.88,0,0,Рациональный водитель
synt_740,30,М,седан,АИ-95,1269,0.52,0.1,1,0,Рациональный водитель
synt_741,22,М,внедорожник,АИ-92,932,0.95,18.69,0,0,Рациональный водитель
synt_742,40,Ж,седан,АИ-92,1251,3.58,2.48,0,1,Импульсивный горожанин
synt_743,33,М,внедорожник,АИ-92,1245,0.78,2.25,0,0,Рациональный водитель
synt_744,18,Ж,внедорожник,АИ-95,778,0.1,7.14,0,0,Рациональный водитель
synt_745,38,Ж,универсал,АИ-92,829,2.34,9.45,1,1,Импульсивный горожанин
synt_746,18,Ж,внедорожник,АИ-92,1226,0.1,0.1,0,1,Импульсивный горожанин
synt_747,30,М,внедорожник,АИ-92,514,3.32,3.84,0,0,Рациональный водитель
synt_748,35,М,седан,АИ-95,2017,0.1,20.6,1,0,Рациональный водитель
synt_749,35,М,седан,ДТ,413,1.85,1.93,1,0,Рациональный водитель
synt_750,37,М,грузовик,АИ-92,200,1.52,28.33,1,0,Рациональный водитель
synt_751,40,М,универсал,АИ-95,1367,0.35,5.24,1,0,Рациональный водитель
synt_752,40,М,грузовик,АИ-92,708,3.47,45.8,1,0,Рациональный водитель
synt_753,53,М,седан,АИ-92,934,1.34,7.46,1,0,Рациональный водитель
synt_754,21,Ж,внедорожник,АИ-92,1339,0.76,0.1,0,0,Рациональный водитель
synt_755,33,М,седан,АИ-95,2276,0.64,7.38,1,1,Премиум-клиент
synt_756,36,М,внедорожник,АИ-92,1151,0.6,10.56,0,0,Рациональный водитель
synt_757,18,М,хэтчбек,АИ-92,855,2.31,13.83,1,0,Рациональный водитель
synt_758,49,М,седан,АИ-95,2123,0.1,0.1,0,1,Премиум-клиент
synt_759,35,Ж,седан,АИ-92,1107,3.72,0.22,0,1,Импульсивный горожанин
synt_760,18,Ж,внедорожник,АИ-92,1125,0.29,10.33,1,0,Рациональный водитель
synt_761,18,М,седан,АИ-95,2077,3.53,7.87,0,0,Премиум-клиент
synt_762,23,М,универсал,АИ-95,752,0.2,8.32,1,0,Рациональный водитель
synt_763,41,М,внедорожник,АИ-95,1108,0.46,2.59,0,0,Рациональный водитель
synt_764,28,М,внедорожник,АИ-92,936,0.26,6.74,1,1,Рациональный водитель
synt_765,28,М,хэтчбек,АИ-92,1083,1.23,0.1,0,1,Импульсивный горожанин
synt_766,38,М,внедорожник,АИ-92,1392,6.82,7.2,0,0,Премиум-клиент
synt_767,27,М,внедорожник,ДТ,666,0.46,0.1,0,0,Рациональный водитель
synt_768,19,Ж,седан,АИ-95,500,0.69,7.5,0,1,Импульсивный горожанин
synt_769,33,М,седан,АИ-92,1424,0.69,18.37,0,0,Рациональный водитель
synt_770,25,М,универсал,АИ-92,339,0.84,0.1,0,1,Импульсивный горожанин
synt_771,41,М,универсал,АИ-92,560,0.14,10.15,0,0,Рациональный водитель
synt_772,35,Ж,универсал,АИ-95,1601,1.72,0.1,1,1,Импульсивный горожанин
synt_773,36,М,хэтчбек,АИ-92,200,0.95,14.96,0,0,Рациональный водитель
synt_774,57,М,седан,АИ-92,1495,1.21,5.01,0,0,Рациональный водитель
synt_775,18,М,седан,АИ-95,902,4.53,0.1,0,0,Импульсивный горожанин
synt_776,43,Ж,внедорожник,АИ-95,2383,0.6,0.25,1,0,Рациональный водитель
synt_777,48,Ж,хэтчбек,АИ-92,1050,1.28,12.81,0,1,Рациональный водитель
synt_778,35,Ж,седан,АИ-92,534,1.37,6.12,1,1,Импульсивный горожанин
synt_779,51,Ж,хэтчбек,АИ-95,1749,0.5,20.93,0,0,Рациональный водитель
synt_780,38,М,седан,АИ-92,1199,2.25,11.03,1,0,Рациональный водитель
synt_781,25,М,универсал,АИ-92,1207,1.11,8.74,1,1,Импульсивный горожанин
synt_782,23,М,седан,ДТ,425,0.59,0.37,1,0,Рациональный водитель
synt_783,34,Ж,хэтчбек,АИ-92,1178,1.17,22.43,0,0,Рациональный водитель
synt_784,36,Ж,хэтчбек,АИ-95,845,4.11,12.74,0,1,Импульсивный горожанин
synt_785,45,М,седан,АИ-95,897,0.4,0.1,1,0,Рациональный водитель
synt_786,30,М,седан,АИ-92,714,0.16,6.23,1,0,Рациональный водитель
synt_787,43,Ж,хэтчбек,АИ-95,1826,1.03,5.88,0,0,Рациональный водитель
synt_788,30,М,седан,АИ-95,1800,0.42,8.12,0,0,Рациональный водитель
synt_789,35,М,хэтчбек,АИ-95,1910,3.34,5.39,0,0,Рациональный водитель
synt_790,42,М,хэтчбек,АИ-95,1049,1.82,0.1,1,0,Рациональный водитель
synt_791,40,Ж,хэтчбек,АИ-92,396,1.17,0.1,0,0,Рациональный водитель
synt_792,26,Ж,внедорожник,АИ-92,1022,1.44,1.19,0,0,Рациональный водитель
synt_793,34,М,внедорожник,АИ-92,866,3.08,7.11,0,0,Рациональный водитель
synt_794,34,М,хэтчбек,ДТ,1281,0.78,4.02,0,1,Рациональный водитель
synt_795,37,Ж,седан,АИ-95,1212,0.1,0.1,0,0,Рациональный водитель
synt_796,38,М,хэтчбек,АИ-92,652,1.09,13.51,1,0,Рациональный водитель
synt_797,32,М,хэтчбек,АИ-92,587,2.13,4.08,0,1,Импульсивный горожанин
synt_798,36,М,хэтчбек,АИ-95,923,0.47,11.61,1,0,Рациональный водитель
synt_799,53,М,седан,АИ-92,1013,0.1,13.72,0,0,Рациональный водитель
synt_800,29,М,седан,АИ-95,644,2.58,3.83,1,0,Рациональный водитель
synt_801,20,М,хэтчбек,АИ-95,1603,0.1,0.1,1,1,Импульсивный горожанин
synt_802,26,Ж,седан,АИ-92,1126,1.93,0.47,1,1,Импульсивный горожанин
synt_803,33,М,внедорожник,АИ-92,632,2.82,6.15,1,0,Рациональный водитель
synt_804,43,М,хэтчбек,АИ-95,1784,0.1,0.1,1,0,Рациональный водитель
synt_805,38,М,внедорожник,АИ-95,1394,1.18,12.71,0,0,Рациональный водитель
synt_806,31,М,внедорожник,АИ-95,1949,0.68,8.1,1,1,Рациональный водитель
synt_807,45,Ж,седан,АИ-95,1069,0.55,0.1,1,1,Рациональный водитель
synt_808,30,М,седан,АИ-92,409,3.62,13.18,1,0,Рациональный водитель
synt_809,57,Ж,внедорожник,АИ-95,2246,0.1,4.49,0,0,Рациональный водитель
synt_810,28,М,универсал,АИ-92,357,0.51,0.1,1,0,Рациональный водитель
synt_811,32,М,универсал,АИ-95,2048,0.67,9.17,0,1,Премиум-клиент
synt_812,31,М,универсал,АИ-92,817,0.68,15.28,0,0,Рациональный водитель
synt_813,28,М,седан,АИ-95,1521,0.13,3.27,0,0,Рациональный водитель
synt_814,25,М,седан,ДТ,1263,1.99,1.43,0,1,Импульсивный горожанин
synt_815,40,М,седан,АИ-92,1256,0.13,26.1,1,0,Рациональный водитель
synt_816,38,М,хэтчбек,ДТ,845,0.15,0.1,0,0,Рациональный водитель
synt_817,33,Ж,седан,АИ-95,1623,0.1,5.59,0,0,Рациональный водитель
synt_818,44,М,седан,АИ-95,1190,0.63,1.91,0,1,Рациональный водитель
synt_819,44,Ж,хэтчбек,АИ-92,926,2.36,0.1,0,0,Рациональный водитель
synt_820,35,Ж,хэтчбек,АИ-92,1266,0.25,0.1,0,0,Рациональный водитель
synt_821,32,Ж,универсал,АИ-95,2086,0.26,0.1,1,0,Рациональный водитель
synt_822,23,М,внедорожник,ДТ,1122,1.16,0.59,1,0,Рациональный водитель
synt_823,18,Ж,седан,АИ-95,1891,0.1,3.52,0,1,Импульсивный горожанин
synt_824,47,Ж,хэтчбек,АИ-95,1172,2.25,22.63,0,0,Рациональный водитель
synt_825,31,М,внедорожник,АИ-95,2022,0.26,16.14,1,0,Рациональный водитель
synt_826,36,М,седан,АИ-95,1388,1.93,1.07,1,0,Рациональный водитель
synt_827,25,Ж,седан,АИ-95,1454,0.15,3.85,0,0,Рациональный водитель
synt_828,33,Ж,внедорожник,АИ-92,953,0.8,0.1,0,0,Рациональный водитель
synt_829,18,М,хэтчбек,АИ-92,905,0.54,12.19,0,1,Импульсивный горожанин
synt_830,46,Ж,хэтчбек,АИ-92,208,0.15,3.81,1,1,Рациональный водитель
synt_831,46,Ж,хэтчбек,АИ-92,1509,2.16,3.63,0,0,Рациональный водитель
synt_832,45,М,универсал,АИ-92,897,0.88,0.1,0,0,Рациональный водитель
synt_833,29,Ж,хэтчбек,АИ-92,949,0.68,11.74,0,0,Рациональный водитель
synt_834,42,Ж,хэтчбек,АИ-92,1389,0.28,0.1,1,0,Рациональный водитель
synt_835,43,М,хэтчбек,АИ-92,426,0.1,2.07,0,0,Рациональный водитель
synt_836,40,Ж,внедорожник,АИ-95,1439,3.32,0.1,0,0,Рациональный водитель
synt_837,38,Ж,внедорожник,ДТ,727,0.1,8.93,1,0,Рациональный водитель
synt_838,32,М,универсал,АИ-92,1228,0.49,0.1,0,0,Рациональный водитель
synt_839,28,М,внедорожник,АИ-92,200,1.16,0.1,0,0,Рациональный водитель
synt_840,32,М,седан,АИ-95,1110,1.31,0.1,1,1,Импульсивный горожанин
synt_841,27,М,универсал,АИ-95,1315,0.45,2.82,1,1,Импульсивный горожанин
synt_842,44,М,седан,АИ-95,1746,0.1,0.1,1,0,Рациональный водитель
synt_843,33,Ж,седан,АИ-92,1239,0.1,0.1,1,0,Рациональный водитель
synt_844,30,М,хэтчбек,АИ-92,2144,0.38,7.39,1,0,Рациональный водитель
synt_845,32,М,универсал,АИ-92,1117,0.8,0.1,0,0,Рациональный водитель
synt_846,31,М,внедорожник,АИ-95,1158,0.79,6.53,0,0,Рациональный водитель
synt_847,24,Ж,хэтчбек,АИ-92,1152,0.53,14.82,1,0,Рациональный водитель
synt_848,22,Ж,хэтчбек,ДТ,492,1.97,19.29,1,0,Рациональный водитель
synt_849,47,М,седан,АИ-95,1696,0.1,0.1,0,0,Рациональный водитель
synt_850,49,М,седан,АИ-92,1236,1.36,25.32,0,0,Рациональный водитель
synt_851,31,М,грузовик,АИ-95,1470,0.9,38.96,0,1,Рациональный водитель
synt_852,37,М,внедорожник,ДТ,820,0.21,6.62,0,0,Рациональный водитель
synt_853,50,М,универсал,АИ-95,2002,0.3,0.1,1,1,Премиум-клиент
synt_854,41,М,седан,АИ-92,200,0.32,14.56,1,0,Рациональный водитель
synt_855,19,Ж,хэтчбек,АИ-95,1172,0.68,8.18,1,0,Рациональный водитель
synt_856,27,М,универсал,АИ-92,1665,0.97,3.07,0,0,Рациональный водитель
synt_857,33,Ж,внедорожник,АИ-95,2088,1.54,6.75,1,0,Рациональный водитель
synt_858,47,Ж,хэтчбек,АИ-95,1485,1.04,0.91,0,1,Рациональный водитель
synt_859,36,М,седан,АИ-92,1462,0.76,2.7,1,0,Рациональный водитель
synt_860,37,М,хэтчбек,АИ-92,1206,0.12,15.13,1,0,Рациональный водитель
synt_861,49,М,внедорожник,АИ-92,751,0.26,0.1,0,1,Рациональный водитель
synt_862,52,Ж,универсал,АИ-92,1178,0.41,4.94,0,1,Рациональный водитель
synt_863,27,Ж,хэтчбек,АИ-95,1581,1.22,0.1,0,0,Рациональный водитель
synt_864,56,М,универсал,АИ-95,607,0.23,20.05,1,1,Рациональный водитель
synt_865,18,М,грузовик,АИ-92,1077,1.1,32.99,0,1,Рациональный водитель
synt_866,49,М,седан,АИ-92,717,4.26,2.19,1,1,Импульсивный горожанин
synt_867,38,М,универсал,ДТ,475,0.28,1.82,0,0,Рациональный водитель
synt_868,34,М,седан,АИ-95,1003,1.17,2.4,0,0,Рациональный водитель
synt_869,37,Ж,седан,АИ-95,1362,0.58,0.1,0,0,Рациональный водитель
synt_870,50,Ж,универсал,АИ-92,837,0.73,0.1,1,1,Рациональный водитель
synt_871,27,М,седан,АИ-95,1130,1.22,6.93,0,0,Рациональный водитель
synt_872,28,М,седан,ДТ,1063,1.45,7.47,1,0,Рациональный водитель
synt_873,28,Ж,седан,АИ-95,1280,2.79,5.13,1,0,Рациональный водитель
synt_874,36,М,седан,АИ-92,1309,0.34,6.43,1,0,Рациональный водитель
synt_875,44,М,седан,ДТ,1450,2.57,14.53,0,0,Рациональный водитель
synt_876,33,М,внедорожник,АИ-95,1481,1.52,1.85,0,0,Рациональный водитель
synt_877,49,М,седан,АИ-92,1113,2.19,13.39,0,0,Рациональный водитель
synt_878,34,Ж,хэтчбек,АИ-92,1564,0.47,5.51,1,1,Рациональный водитель
synt_879,24,М,хэтчбек,АИ-92,1713,0.9,9.92,1,0,Рациональный водитель
synt_880,40,Ж,универсал,АИ-95,1829,2.3,5.66,0,0,Рациональный водитель
synt_881,19,М,седан,АИ-95,903,0.1,0.1,1,1,Импульсивный горожанин
synt_882,40,М,хэтчбек,АИ-95,1421,0.64,0.1,0,0,Рациональный водитель
synt_883,55,Ж,седан,АИ-92,1063,2.38,7.38,0,0,Рациональный водитель
synt_884,51,М,хэтчбек,АИ-92,1287,0.17,8.41,0,0,Рациональный водитель
synt_885,24,Ж,универсал,АИ-92,1328,2.42,14.62,1,0,Рациональный водитель
synt_886,35,М,универсал,АИ-92,1447,0.25,14.59,1,0,Рациональный водитель
synt_887,43,Ж,внедорожник,АИ-95,1257,0.93,2.74,1,0,Рациональный водитель
synt_888,47,М,внедорожник,АИ-92,1103,0.24,1.12,1,0,Рациональный водитель
synt_889,39,М,внедорожник,АИ-95,926,0.23,0.1,1,0,Рациональный водитель
synt_890,20,М,хэтчбек,АИ-95,1278,1.66,0.1,0,1,Импульсивный горожанин
synt_891,20,М,седан,АИ-92,995,1.24,0.1,1,0,Рациональный водитель
synt_892,36,М,хэтчбек,АИ-92,311,0.1,11.39,1,1,Рациональный водитель
synt_893,53,М,седан,АИ-95,1159,0.93,5.74,0,0,Рациональный водитель
synt_894,39,Ж,универсал,АИ-92,684,0.7,0.1,0,0,Рациональный водитель
synt_895,36,Ж,седан,АИ-95,1382,0.56,20.47,0,0,Рациональный водитель
synt_896,37,М,хэтчбек,АИ-92,1396,1.29,2.58,0,1,Рациональный водитель
synt_897,21,М,хэтчбек,АИ-92,640,0.61,6.5,1,1,Импульсивный горожанин
synt_898,34,М,хэтчбек,АИ-95,859,0.1,0.1,0,0,Рациональный водитель
synt_899,22,М,седан,ДТ,1179,1.93,0.1,1,0,Рациональный водитель
synt_900,23,М,хэтчбек,АИ-95,1728,0.14,9.77,1,1,Рациональный водитель
synt_901,26,М,внедорожник,ДТ,643,0.14,0.1,1,0,Рациональный водитель
synt_902,46,М,хэтчбек,АИ-95,1301,1.32,0.1,1,0,Рациональный водитель
synt_903,39,М,внедорожник,АИ-92,713,0.71,4.46,0,0,Рациональный водитель
synt_904,24,М,грузовик,АИ-95,1385,1.96,39.2,1,1,Рациональный водитель
synt_905,30,Ж,седан,АИ-95,979,1.24,0.1,0,0,Рациональный водитель
synt_906,45,М,грузовик,АИ-92,1403,0.9,19.35,1,0,Рациональный водитель
synt_907,25,Ж,внедорожник,ДТ,298,0.1,26.34,0,1,Рациональный водитель
synt_908,35,М,универсал,АИ-92,1092,1.07,5.99,0,1,Рациональный водитель
synt_909,34,М,хэтчбек,АИ-95,1830,0.13,20.3,0,0,Рациональный водитель
synt_910,46,Ж,хэтчбек,АИ-92,712,0.83,18.67,0,0,Рациональный водитель
synt_911,32,М,седан,АИ-95,1231,0.59,4.82,0,0,Рациональный водитель
synt_912,34,Ж,хэтчбек,АИ-92,886,1.78,1.01,0,0,Рациональный водитель
synt_913,42,М,универсал,АИ-92,288,2.44,10.66,0,0,Рациональный водитель
synt_914,42,Ж,хэтчбек,АИ-95,1675,0.24,7.6,1,0,Рациональный водитель
synt_915,47,М,хэтчбек,АИ-95,1522,0.1,14.1,1,0,Рациональный водитель
synt_916,38,М,седан,АИ-92,977,0.26,7.02,1,0,Рациональный водитель
synt_917,51,М,универсал,АИ-92,1489,0.38,0.1,0,0,Рациональный водитель
synt_918,27,М,универсал,АИ-95,848,1.74,9.45,1,0,Рациональный водитель
synt_919,22,Ж,универсал,АИ-95,1038,1.92,6.14,0,1,Импульсивный горожанин
synt_920,18,М,хэтчбек,АИ-95,1694,0.1,17.87,1,0,Рациональный водитель
synt_921,31,М,хэтчбек,АИ-92,917,1.27,0.1,0,0,Рациональный водитель
synt_922,46,Ж,хэтчбек,АИ-92,626,2.86,16.85,0,0,Рациональный водитель
synt_923,27,М,внедорожник,АИ-92,739,0.72,5.42,0,0,Рациональный водитель
synt_924,43,Ж,седан,АИ-92,973,0.87,26.78,1,0,Рациональный водитель
synt_925,32,М,универсал,АИ-92,949,1.08,10.07,0,0,Рациональный водитель
synt_926,31,М,внедорожник,АИ-95,752,1.24,0.1,1,0,Рациональный водитель
synt_927,52,М,универсал,АИ-95,1353,0.24,1.51,0,0,Рациональный водитель
synt_928,26,М,седан,АИ-92,1232,0.73,5.73,0,0,Рациональный водитель
synt_929,34,М,грузовик,АИ-95,1426,0.76,24.78,0,0,Рациональный водитель
synt_930,28,Ж,внедорожник,АИ-95,839,0.7,3.09,1,1,Импульсивный горожанин
synt_931,38,М,внедорожник,АИ-92,1190,1.35,10.49,0,1,Рациональный водитель
synt_932,42,М,внедорожник,АИ-92,688,0.15,14.29,1,0,Рациональный водитель
synt_933,40,М,седан,АИ-95,964,1.21,13.68,1,1,Рациональный водитель
synt_934,35,Ж,внедорожник,АИ-95,1244,1.26,13.49,1,0,Рациональный водитель
synt_935,38,М,хэтчбек,ДТ,856,0.75,0.1,1,0,Рациональный водитель
synt_936,56,Ж,грузовик,ДТ,1835,2.75,26.59,1,0,Рациональный водитель
synt_937,52,Ж,грузовик,АИ-92,408,1.87,16.05,0,0,Рациональный водитель
synt_938,36,Ж,седан,АИ-95,948,0.22,18.6,0,0,Рациональный водитель
synt_939,29,М,внедорожник,АИ-92,1622,0.79,3.37,1,0,Рациональный водитель
synt_940,66,М,седан,ДТ,1655,0.51,13.63,0,0,Рациональный водитель
synt_941,28,Ж,универсал,АИ-95,2014,0.19,0.1,1,0,Рациональный водитель
synt_942,25,М,седан,АИ-92,751,1.6,0.1,0,1,Импульсивный горожанин
synt_943,18,М,хэтчбек,АИ-95,911,1.28,10.75,0,0,Рациональный водитель
synt_944,53,М,внедорожник,ДТ,1000,1.16,0.1,0,0,Рациональный водитель
synt_945,33,М,седан,АИ-95,1237,2.42,6.46,0,0,Рациональный водитель
synt_946,26,Ж,универсал,АИ-92,896,1.33,11.95,0,1,Импульсивный горожанин
synt_947,34,Ж,внедорожник,АИ-92,1307,0.11,20.74,1,0,Рациональный водитель
synt_948,34,Ж,хэтчбек,АИ-95,1491,0.6,11.9,1,0,Рациональный водитель
synt_949,36,М,седан,АИ-95,1332,0.4,0.1,0,1,Рациональный водитель
synt_950,29,М,внедорожник,АИ-95,1959,0.1,8.95,1,0,Рациональный водитель
synt_951,30,М,внедорожник,АИ-95,1197,0.48,0.1,1,0,Рациональный водитель
synt_952,47,М,седан,АИ-92,1035,0.1,6.4,0,0,Рациональный водитель
synt_953,46,М,седан,АИ-95,1663,0.8,23.95,0,0,Рациональный водитель
synt_954,48,Ж,универсал,ДТ,891,0.68,1.29,0,0,Рациональный водитель
synt_955,29,М,хэтчбек,АИ-92,1164,0.43,0.1,0,0,Рациональный водитель
synt_956,22,М,седан,АИ-95,2080,1.29,0.1,1,0,Рациональный водитель
synt_957,23,М,универсал,АИ-95,2277,0.23,13.48,0,0,Рациональный водитель
synt_958,29,М,хэтчбек,АИ-92,1224,3.73,0.1,1,0,Рациональный водитель
synt_959,39,Ж,хэтчбек,АИ-92,1788,6.45,9.58,0,0,Премиум-клиент
synt_960,38,М,седан,АИ-95,1712,0.18,8.65,0,0,Рациональный водитель
synt_961,47,М,седан,АИ-92,1031,0.7,16.11,0,0,Рациональный водитель
synt_962,36,Ж,седан,АИ-92,1326,0.53,0.1,0,0,Рациональный водитель
synt_963,18,М,универсал,ДТ,1471,0.31,23.31,0,0,Рациональный водитель
synt_964,18,М,хэтчбек,АИ-92,641,0.1,0.1,0,0,Рациональный водитель
synt_965,18,М,внедорожник,АИ-92,1215,0.77,5.32,1,0,Рациональный водитель
synt_966,20,Ж,седан,АИ-95,1563,0.31,0.1,0,0,Рациональный водитель
synt_967,35,М,внедорожник,ДТ,1315,1.5,11.21,0,0,Рациональный водитель
synt_968,30,Ж,седан,АИ-95,1091,0.35,0.1,0,1,Рациональный водитель
synt_969,28,М,седан,ДТ,460,1.26,0.1,0,0,Рациональный водитель
synt_970,23,М,седан,АИ-95,1224,2.05,0.1,0,0,Рациональный водитель
synt_971,34,Ж,грузовик,ДТ,1692,2.9,12.04,0,0,Рациональный водитель
synt_972,36,Ж,седан,ДТ,855,0.11,9.98,1,0,Рациональный водитель
synt_973,47,Ж,хэтчбек,АИ-92,1184,0.21,2.89,0,1,Рациональный водитель
synt_974,27,М,седан,АИ-95,1331,0.56,0.1,0,1,Импульсивный горожанин
synt_975,52,М,универсал,АИ-92,1048,0.62,6.64,1,1,Рациональный водитель
synt_976,27,М,внедорожник,АИ-92,1369,0.21,16.84,0,0,Рациональный водитель
synt_977,18,М,хэтчбек,ДТ,1268,1.11,4.42,0,1,Импульсивный горожанин
synt_978,27,Ж,универсал,АИ-92,925,1.86,9.71,0,0,Рациональный водитель
synt_979,47,М,хэтчбек,АИ-92,1246,0.42,1.55,1,1,Рациональный водитель
synt_980,18,М,седан,АИ-95,2056,1.75,15.53,1,0,Рациональный водитель
synt_981,42,Ж,седан,АИ-95,2171,0.76,0.1,0,0,Рациональный водитель
synt_982,23,М,универсал,АИ-92,943,0.41,0.8,0,0,Рациональный водитель
synt_983,38,М,седан,ДТ,311,1.63,2.13,1,0,Рациональный водитель
synt_984,22,М,седан,АИ-95,904,0.47,0.1,0,0,Рациональный водитель
synt_985,29,М,хэтчбек,АИ-92,428,0.1,14.51,0,0,Рациональный водитель
synt_986,41,М,хэтчбек,АИ-95,1648,0.11,3.13,0,0,Рациональный водитель
synt_987,38,Ж,седан,АИ-92,1067,0.1,16.58,1,0,Рациональный водитель
synt_988,28,М,универсал,АИ-92,566,1.19,2.09,1,0,Рациональный водитель
synt_989,26,Ж,седан,АИ-92,745,0.1,6.88,1,1,Рациональный водитель
synt_990,18,М,хэтчбек,АИ-95,2475,0.22,11.68,1,1,Премиум-клиент
synt_991,26,М,хэтчбек,ДТ,707,0.22,13.81,0,0,Рациональный водитель
synt_992,39,М,седан,АИ-92,1284,1.53,0.1,0,0,Рациональный водитель
synt_993,24,М,хэтчбек,ДТ,855,0.1,0.1,0,1,Импульсивный горожанин
synt_994,35,М,универсал,АИ-95,793,0.35,1.75,1,0,Рациональный водитель
synt_995,34,М,универсал,АИ-92,1193,0.8,11.08,0,0,Рациональный водитель
synt_996,26,Ж,седан,АИ-95,1270,0.19,13.93,1,0,Рациональный водитель
synt_997,42,М,универсал,АИ-92,200,0.26,3.28,1,0,Рациональный водитель
synt_998,18,М,хэтчбек,АИ-95,2219,1.33,2.47,1,0,Рациональный водитель
synt_999,30,М,седан,АИ-92,1217,1.38,16.94,0,0,Рациональный водитель
synt_1000,33,Ж,седан,АИ-92,547,1.16,12.1,0,0,Рациональный водитель
