client_id,client_type,loyalty_card,fuel_card,contract,fuel_type,tank_volume,avg_liters_per_visit,visits_per_month,avg_spend_per_visit,region
58102d3f-8355-47c5-b935-49d188450435,Физическое лицо,Нет,Нет,Нет,Бензин,45,42,9,3068,к. Обнинск
de13e6f6-d10c-4a53-85c0-72485b5fb585,Физическое лицо,Да,Да,Нет,Бензин,65,37,7,2522,с. Дагомыс
c7a6f323-1fc5-4b5b-83a8-b6ea7210ad27,Физическое лицо,Нет,Нет,Нет,Бензин,54,39,3,1641,с. Зеленоград
74f1a6ad-e079-4b70-8684-0e45f5a47d73,Физическое лицо,Да,Нет,Нет,Дизель,69,26,10,3113,ст. Холмогоры
c841baf9-8d50-4cbe-97b1-665872bf7822,Физическое лицо,Да,Нет,Нет,Бензин,57,48,7,2845,ст. Ряжск
be9d520f-548b-495f-879d-81ea9760d209,Физическое лицо,Да,Нет,Нет,Бензин,59,35,6,2116,с. Руза
905aeece-d039-4f6b-b6bf-54169f40d3c2,Физическое лицо,Да,Нет,Нет,Бензин,47,21,7,2414,к. Выборг
f67002e7-7164-4e9e-88cd-3f24d1e648c6,Физическое лицо,Да,Нет,Нет,Бензин,61,28,9,3459,д. Нижневартовск
f4dd4eaa-3331-4e72-88ae-2b15a782b0ea,Физическое лицо,Да,Нет,Нет,Бензин,63,47,9,2214,с. Тикси
dce98ebf-cc85-4110-a3ce-585fd050eb57,Физическое лицо,Да,Нет,Нет,Бензин,63,20,5,2396,д. Раменское
adbebf2d-5372-4845-84ad-95602cbf19ad,Физическое лицо,Нет,Нет,Нет,Дизель,69,25,3,1821,ст. Усмань
75b3c668-c9ef-426f-a436-31705ef1e4ff,Физическое лицо,Да,Да,Нет,Бензин,58,40,7,2018,к. Балашиха
a00394ce-9eaf-4cf2-b407-04d1baa29bd6,Физическое лицо,Да,Нет,Нет,Дизель,63,32,10,3139,с. Катайск
308d38dd-5269-49e7-8ff1-935f39d48c8c,Физическое лицо,Да,Нет,Нет,Бензин,58,40,5,2152,ст. Хасан
e426f931-c584-4b64-bdaf-feb1eba3b7f7,Физическое лицо,Нет,Нет,Нет,Бензин,52,49,2,3484,к. Норильск
4a53892e-684f-4191-9d4b-f7ede429f9cf,Физическое лицо,Да,Да,Нет,Бензин,44,36,2,1824,п. Петрозаводск
58c7c24b-295a-449a-b52b-fc8d6cde7755,Физическое лицо,Да,Нет,Нет,Бензин,56,27,8,2246,с. Верхнее Пенжино
07170ccf-8e46-4ff5-bf67-890d082ee43b,Физическое лицо,Да,Нет,Нет,Дизель,53,47,3,2351,ст. Поярково
eac458c4-51b3-4564-a170-a7aea14a84bb,Физическое лицо,Нет,Нет,Нет,Бензин,59,27,3,1515,п. Воронеж
21fe50bc-23f6-4e15-9422-ad7d746bcdf0,Физическое лицо,Да,Нет,Нет,Бензин,42,44,5,3711,к. Ершов
78177a97-6a9c-4f26-855e-bbe27eae9e29,Юридическое лицо,Нет,Да,Да,Дизель,88,112,13,5675,п. Магас
183a6973-f87c-4b93-aa59-0d9c7372910b,Физическое лицо,Да,Нет,Нет,Бензин,62,45,9,3297,к. Холмск
79e71ec2-9c70-4d26-bfda-da4b8391a1be,Юридическое лицо,Нет,Да,Да,Дизель,112,76,6,12025,г. Игарка
24e39dbf-216d-47f8-a5d1-0642122cb954,Юридическое лицо,Нет,Нет,Да,Дизель,148,63,13,13700,г. Усть-Калманка
802dcae0-2c51-411a-801c-cd5da68d0870,Физическое лицо,Да,Нет,Нет,Бензин,55,35,5,2543,с. Северо-Курильск
84c6a707-c5d1-4ec6-ab16-4aabf0ea52bb,Физическое лицо,Да,Нет,Нет,Бензин,57,39,4,3003,к. Уварово
c12242d2-ca52-4e57-8668-f22544ae8621,Физическое лицо,Да,Нет,Нет,Бензин,60,44,5,3339,ст. Вязьма
581c127b-f7bf-45a5-b00a-3cc1fb59d56f,Физическое лицо,Нет,Нет,Нет,Бензин,44,21,4,2962,п. Курган
9469e65c-5f4b-4f39-a600-324056096481,Физическое лицо,Да,Нет,Нет,Дизель,42,34,6,1547,ст. Радужный
68dcfda2-e285-4c98-910c-fe3ee754f6e5,Физическое лицо,Да,Нет,Нет,Бензин,46,40,9,3965,п. Апшеронск
146350ad-58e8-4b70-878f-9cac905eb22c,Физическое лицо,Да,Нет,Нет,Бензин,46,24,2,2915,д. Инта
ee04e240-9ad4-437b-a182-9f346eddd87f,Физическое лицо,Нет,Нет,Нет,Бензин,53,21,3,2820,д. Стерлитамак
9e0b665a-96c8-4781-b778-5e389ca42c62,Физическое лицо,Да,Да,Нет,Бензин,51,41,8,3714,клх Любань
a3ce888d-6e1d-4424-a75b-c03f260006ea,Физическое лицо,Да,Нет,Нет,Бензин,67,39,5,3350,с. Таганрог
6b8b6ad9-7b55-4dd6-b9d2-86952777360d,Физическое лицо,Нет,Нет,Нет,Дизель,56,25,10,3589,к. Апрелевка
e0b04d59-009a-45ae-a255-278d26b7fca9,Физическое лицо,Да,Нет,Нет,Бензин,66,40,9,3672,к. Ейск
c431b8df-2d77-4054-8874-693f60b13cb9,Физическое лицо,Да,Нет,Нет,Дизель,52,29,8,2440,д. Махачкала
42c4ae59-cf28-4c55-a919-c532286df40b,Физическое лицо,Нет,Да,Нет,Бензин,61,33,10,2431,д. Морозовск
b13c8517-9b0e-4bc1-a22b-509bb7a820e6,Физическое лицо,Да,Нет,Нет,Бензин,41,35,8,1849,клх Голицыно
9a8bc777-87e6-4ab8-b52a-a8591f27f6f2,Физическое лицо,Да,Нет,Нет,Дизель,66,48,6,1948,клх Ногинск (Моск.)
8b6cfa9e-6b8c-4ee6-8779-ea32cedd2479,Физическое лицо,Да,Нет,Нет,Дизель,51,30,8,2415,г. Тамбей
1712e4c6-aac4-443a-a723-a202d250e7a3,Физическое лицо,Да,Нет,Нет,Дизель,60,42,9,2222,к. Йошкар-Ола
91c91f86-e6fe-4f9b-9e08-b14fd82b8427,Физическое лицо,Нет,Нет,Нет,Бензин,52,43,5,1821,к. Минусинск
77d12e15-a559-4538-869b-73352e8a2d80,Юридическое лицо,Нет,Да,Да,Газ,84,72,17,10960,с. Назрань
2e13df1c-31ff-47c6-99ce-0798d6852be7,Физическое лицо,Да,Нет,Нет,Бензин,48,49,4,2454,д. Талдом
f916035e-682e-484e-946f-3ad51321bef1,Юридическое лицо,Нет,Да,Да,Дизель,145,95,11,12452,п. Брянск
c45333e4-6f57-4fbc-939e-60da3e52ff94,Физическое лицо,Да,Нет,Нет,Дизель,40,37,8,1594,к. Таганрог
f9b1f500-76da-4315-a397-dfd971572121,Физическое лицо,Да,Нет,Нет,Бензин,47,36,8,2793,г. Черкесск
bfc6a573-c6a6-493b-82cf-840f80f2aa01,Физическое лицо,Да,Нет,Нет,Бензин,44,50,5,3361,к. Красновишерск
86c389f5-7ab9-4ac3-aa49-63a311e09fba,Физическое лицо,Да,Нет,Нет,Бензин,54,38,8,3446,с. Ербогачен
de6ba37b-f897-4cdc-9517-36c81ee446a2,Физическое лицо,Да,Нет,Нет,Бензин,40,35,6,1759,ст. Верхоянск
4faebd08-4077-4a96-bb24-3a0b44fa0d54,Физическое лицо,Нет,Нет,Нет,Бензин,59,29,2,1564,клх Красногорск (Моск.)
f93de799-ae22-4cb7-8e75-ff17ccfa832f,Физическое лицо,Да,Нет,Нет,Бензин,64,45,6,3432,г. Юрьев-Польский
2ed6519a-6d9e-43d8-82f0-2cb8f6cbeebb,Физическое лицо,Да,Нет,Нет,Бензин,44,21,3,2242,клх Брянск
8c29a808-60ed-41ce-a050-797c206deb93,Физическое лицо,Да,Нет,Нет,Дизель,55,39,2,3654,с. Баргузин
b7bab1bd-713c-48e7-be96-b432e79ba19b,Юридическое лицо,Нет,Да,Да,Газ,96,112,9,14003,д. Минусинск
dedb9de6-aa4f-4b68-8945-822d7ffb4508,Физическое лицо,Да,Да,Нет,Бензин,61,31,4,3908,п. Можайск
79c3d5a0-1398-4e13-b329-4fa56f6c3b25,Физическое лицо,Нет,Нет,Нет,Бензин,62,44,6,3615,ст. Тайшет
3a5a3ec8-a7a3-47df-aa0e-4ea5226a07d0,Физическое лицо,Да,Нет,Нет,Бензин,65,21,6,2721,клх Верхний Баскунчак
3e7298e4-7386-4bdb-afd3-3fa1bf147395,Юридическое лицо,Нет,Да,Да,Дизель,144,115,5,13042,д. Алдан
15cee659-91ed-40dd-8710-b6ccaa342e9c,Физическое лицо,Да,Нет,Нет,Дизель,58,44,4,3780,п. Рязань
cba48851-427d-4fbe-8a34-8e8d5f395217,Физическое лицо,Да,Нет,Нет,Бензин,68,43,10,2815,п. Санкт-Петербург
91abdc72-4fe2-4d33-b49c-c04e307c6d49,Физическое лицо,Да,Нет,Нет,Дизель,58,25,6,1540,д. Верхотурье
76a0bb2c-3086-4216-b571-843db89c3109,Физическое лицо,Да,Нет,Нет,Бензин,52,33,7,1632,г. Тимашевск
9d08e979-f750-4648-8d9f-d08cff8cc358,Физическое лицо,Да,Да,Нет,Бензин,41,36,8,1754,г. Шумиха
f928e9ee-4940-468a-a5b4-91b22af8fdb2,Юридическое лицо,Нет,Да,Да,Дизель,93,87,13,5184,п. Южноуральск
f10ab439-7a14-477e-9f3b-609ff7bde13e,Юридическое лицо,Нет,Да,Да,Газ,119,117,18,12734,п. Уренгой
98bf1b3b-9413-4b69-afc4-669ec78bfd7f,Физическое лицо,Да,Нет,Нет,Бензин,51,35,7,1746,г. Наро-Фоминск
158d2aa6-76ec-434d-88b9-edcb4c2e0c32,Физическое лицо,Да,Нет,Нет,Дизель,60,28,2,1909,п. Нефтегорск (Самар.)
7effcb1f-a2a3-4c7c-a305-ca0c4d1fff4b,Физическое лицо,Нет,Нет,Нет,Бензин,48,36,4,2501,п. Троицко-Печорск
a6db8841-140c-4bf7-aa1f-72ea2bd90c9b,Физическое лицо,Да,Да,Нет,Бензин,65,31,10,2097,к. Куртамыш
f76b2785-31fb-4fef-a242-9f3173c96aa3,Физическое лицо,Да,Нет,Нет,Бензин,70,46,6,2969,д. Меренга
2cddbffd-b8e1-4e05-a562-6bb29f792e47,Физическое лицо,Нет,Нет,Нет,Бензин,68,36,9,2271,д. Троицк (Моск.)
bcf8c40d-228d-48d8-b415-33a3c9d6b06b,Юридическое лицо,Нет,Да,Да,Бензин,80,100,13,9037,ст. Костомукша
41eedac7-f902-438a-aa7b-13e9caeb9988,Физическое лицо,Да,Нет,Нет,Дизель,50,42,3,2053,д. Ясный (Оренб.)
84bb6238-44c3-4b11-b8a1-8ecf1f6d9cd7,Физическое лицо,Да,Нет,Нет,Бензин,60,25,5,2350,клх Мирный
6be914d3-d18d-43d4-a89c-cffbca1359b9,Физическое лицо,Да,Нет,Нет,Бензин,40,25,4,1517,с. Катав-Ивановск
2a1b2c6f-8d1d-4e2e-897d-c5d8ca6667e6,Юридическое лицо,Нет,Нет,Да,Дизель,81,99,17,11485,п. Гремячинск (Перм.)
03da6f34-9890-4d54-aad0-daea4f22d6a5,Физическое лицо,Да,Нет,Нет,Бензин,63,40,8,1982,ст. Нарым
5dcf35db-514a-4762-8f46-35bae2be363f,Физическое лицо,Да,Да,Нет,Бензин,58,48,9,3347,г. Рославль
44e2cf32-eeb9-47e3-ac8e-2af24b886a2b,Физическое лицо,Да,Нет,Нет,Бензин,55,22,3,2150,клх Якутск
1d10ce52-c2d0-4ac6-9f65-b6f3789abb7d,Физическое лицо,Да,Нет,Нет,Бензин,70,23,2,2706,с. Минеральные Воды
a160eeb5-896f-4ff8-acd7-76a2a9792264,Физическое лицо,Да,Да,Нет,Дизель,46,31,5,2414,д. Каргасок
413f637e-a9e6-48f8-a9e3-980fb74d2f44,Физическое лицо,Да,Да,Нет,Бензин,47,46,9,3727,д. Камышлов
dc2ca00a-7feb-4bad-a81b-d1b027233b6f,Физическое лицо,Да,Нет,Нет,Бензин,45,34,5,2762,г. Лагань
e6da04ce-a370-4687-a2f4-89cce697595c,Физическое лицо,Нет,Нет,Нет,Дизель,52,44,6,3511,ст. Минусинск
476ef566-c5a8-4a05-9bcd-84fae2cfcc2d,Физическое лицо,Да,Нет,Нет,Бензин,48,48,9,2844,с. Ясный (Оренб.)
b294f51a-9b1b-470f-a839-c01601310e66,Физическое лицо,Да,Нет,Нет,Бензин,57,22,4,3915,клх Хоста
e4daea0b-f8f5-467f-91b5-08903c1fa1f2,Физическое лицо,Нет,Нет,Нет,Бензин,43,26,6,1787,к. Асино
07aba0bf-cd14-4607-9611-4eb3548d53a8,Физическое лицо,Да,Нет,Нет,Бензин,53,39,3,1546,ст. Ухта
697180c9-d23d-408e-a979-8635bbeeefe7,Юридическое лицо,Нет,Да,Да,Дизель,132,109,10,7425,к. Курск
4e27e750-8da2-41b9-9dd6-1f54a4d64b50,Физическое лицо,Да,Нет,Нет,Бензин,60,48,3,2830,д. Грозный
b6b809a2-572b-4b4f-b10f-e0e9e63a1261,Физическое лицо,Да,Да,Нет,Бензин,51,41,2,3755,п. Камышин
4a7876bb-d613-482f-bf6a-912f37244dc5,Физическое лицо,Да,Нет,Нет,Дизель,45,32,10,3779,с. Ардон
c9cdec6e-e2d9-4be1-8e46-6be2af609c8e,Физическое лицо,Нет,Да,Нет,Бензин,53,20,6,2396,д. Агинское (Забайк.)
5fba3bed-a61f-413d-9ecf-fb7dbae2347c,Физическое лицо,Да,Нет,Нет,Бензин,47,42,7,1547,с. Кизел
a7d6dae4-905b-449b-a421-06c6560ffcc5,Физическое лицо,Нет,Нет,Нет,Бензин,56,24,8,3236,к. Ряжск
93acedbe-af77-4d56-857c-4ab354ca05a0,Физическое лицо,Да,Да,Нет,Бензин,61,50,3,1502,г. Меренга
1f09782a-7231-4a03-bb75-8cd83d1fb34c,Физическое лицо,Да,Нет,Нет,Дизель,44,36,4,2738,к. Миллерово
0c61d35f-e686-4d04-8d87-2340df23c0fb,Физическое лицо,Да,Нет,Нет,Бензин,64,47,3,3344,п. Владикавказ
7811953e-579f-464f-ae78-83015f3d5c13,Физическое лицо,Нет,Нет,Нет,Бензин,62,48,2,2853,ст. Нефтекамск
26edb5d5-8a1e-4081-a7e2-d88649b85286,Физическое лицо,Да,Да,Нет,Дизель,47,20,10,2097,с. Апшеронск
ada72d97-626c-4a39-a852-58ca1310c23b,Физическое лицо,Да,Да,Нет,Бензин,46,45,9,3912,к. Зеленогорск (Ленин.)
40b6546d-c6a0-4287-8679-bc20196cdb7b,Физическое лицо,Да,Нет,Нет,Бензин,63,44,3,1548,ст. Псков
5395fe69-76c0-4c84-b0b2-d6d9de167f97,Физическое лицо,Нет,Нет,Нет,Дизель,53,32,4,2545,п. Артем
75afd66a-9bc0-4489-a74e-17ca0a78e1f0,Юридическое лицо,Нет,Да,Да,Газ,90,77,6,10846,ст. Моздок
4062fc87-521a-4e5d-b242-6ac56a77a877,Физическое лицо,Да,Нет,Нет,Бензин,52,32,3,1966,г. Анива
2f17c977-c737-45bb-a82c-33aa897f6796,Физическое лицо,Да,Нет,Нет,Бензин,42,29,4,3561,д. Ребриха
b2755ec4-49cb-4f7f-9082-f3976257004e,Физическое лицо,Да,Нет,Нет,Бензин,43,34,8,3248,с. Нефтеюганск
8be5c7d0-99c9-462f-a532-2ad189354d7f,Физическое лицо,Да,Нет,Нет,Бензин,64,43,2,1742,п. Новосибирск
e02ba03f-bb4d-46ac-876e-ccf696125c5e,Физическое лицо,Да,Нет,Нет,Бензин,51,34,6,2955,д. Шаховская
b3ccafaf-e195-40c7-8316-ba8dc0591eb0,Физическое лицо,Нет,Нет,Нет,Дизель,46,41,7,2286,п. Углегорск
a20cc05e-4848-483d-95d7-c570a408a22c,Физическое лицо,Да,Нет,Нет,Дизель,56,49,2,3582,с. Добрянка
46879f2b-180f-4f42-a854-56c348e91e59,Юридическое лицо,Нет,Да,Да,Газ,102,106,20,10237,к. Ногинск (Моск.)
85c7dc5b-6ea9-49f9-8cf8-478092cfa2ad,Юридическое лицо,Нет,Да,Да,Дизель,140,107,8,12122,с. Ербогачен
4fc36cb1-65a3-4a31-a868-5f10c9c759bb,Юридическое лицо,Нет,Да,Да,Газ,138,112,12,10649,клх Обоянь
67fc6f75-52e7-4f5b-a4be-34bc32da85a3,Юридическое лицо,Нет,Да,Да,Дизель,87,75,9,13365,к. Шарья
ca624c1f-5320-4398-aa37-2ad15a06a1c6,Физическое лицо,Да,Нет,Нет,Бензин,63,33,4,3898,д. Ахтубинск
1218b64a-5dfb-4205-b889-02faa639c45c,Физическое лицо,Нет,Нет,Нет,Бензин,67,49,7,3976,д. Северодвинск
d8c73b61-aca0-410d-9915-f1ea5563e72b,Физическое лицо,Да,Нет,Нет,Бензин,61,21,9,2298,к. Санкт-Петербург
74130b93-f3aa-4634-a271-22dda3de64b8,Физическое лицо,Нет,Нет,Нет,Бензин,46,48,4,1760,клх Апрелевка
6c98e673-8af0-4117-8a9c-5109dc9c7158,Физическое лицо,Да,Да,Нет,Бензин,67,20,2,2139,п. Боровск
cbe55d1d-f09e-4dfe-98a0-0ebb0d806873,Физическое лицо,Нет,Нет,Нет,Бензин,56,49,5,3714,к. Кингисепп
c6940bfa-cf32-42a2-adf1-7a013ff752d0,Физическое лицо,Нет,Да,Нет,Бензин,49,35,4,3605,с. Оха
b45d7ce5-3ba3-4038-82e0-c0acc3c11627,Физическое лицо,Да,Нет,Нет,Бензин,50,31,9,3958,с. Чайковский
f2993495-3ddc-4588-a1cd-a978afc9da6e,Физическое лицо,Нет,Нет,Нет,Бензин,46,30,6,2892,д. Брянск
ae9adef9-2d6b-4313-ac22-3a37fc88c607,Физическое лицо,Да,Нет,Нет,Бензин,52,26,4,1986,г. Балашов
427f0448-ec1f-459c-abcb-a4ce924ae361,Юридическое лицо,Нет,Да,Да,Газ,140,71,8,5815,ст. Луховицы
15f7b733-b7b3-4d28-8e1f-c692769d5b68,Юридическое лицо,Нет,Да,Да,Дизель,133,66,9,9090,с. Эльтон
f34fbab7-58b8-459f-ad9d-ea5deae3f891,Юридическое лицо,Нет,Да,Да,Дизель,129,76,18,5974,к. Мелеуз
acb5624a-ce99-4422-ba7d-9bf75fc4edaa,Физическое лицо,Да,Да,Нет,Дизель,40,45,5,3507,д. Губкинский
c356e236-ee5d-414b-a25e-dfe46952961f,Физическое лицо,Да,Нет,Нет,Бензин,59,33,2,3972,ст. Губкин
3e8baa70-c00e-4978-80e7-17e4a88383d6,Физическое лицо,Да,Нет,Нет,Бензин,47,25,9,3805,д. Новая Игирма
78d617fd-323f-4a37-95d9-9f1e8ab60fd3,Физическое лицо,Да,Нет,Нет,Бензин,40,32,9,1555,д. Карачаевск
03add4df-a0b9-4e5d-8da4-b42f041cde1d,Физическое лицо,Нет,Нет,Нет,Бензин,62,32,6,2718,к. Фатеж
94ce103d-df7f-4bb2-9f29-286b13e61439,Физическое лицо,Нет,Нет,Нет,Бензин,53,42,4,2206,д. Уренгой
db68a031-7cce-4dbf-94ad-2382a6ce8a4c,Физическое лицо,Да,Нет,Нет,Бензин,69,31,4,1849,п. Магадан
6020659c-3f0b-4df2-ac45-e17e6f67753e,Юридическое лицо,Нет,Да,Да,Бензин,140,80,17,13931,к. Макушино
529e04fb-0634-4e63-8641-b3d9b81e865f,Физическое лицо,Нет,Нет,Нет,Дизель,70,31,5,1512,г. Далматово
94826cdd-979f-44ce-a8e3-e1c0c127f8f2,Физическое лицо,Да,Нет,Нет,Дизель,40,29,3,1924,ст. Валдай
18197487-b5d1-4199-be83-13e3aa1c69ed,Физическое лицо,Да,Нет,Нет,Бензин,51,20,3,1988,клх Мичуринск
7090caaf-138c-4561-a511-a46bc05ec723,Физическое лицо,Нет,Нет,Нет,Дизель,53,40,4,3454,п. Салават
ef5c4768-b4a0-47d6-92a2-14401e9e9a08,Физическое лицо,Да,Нет,Нет,Дизель,45,29,3,3689,г. Челюскин
c6ff9ae6-5d50-4aef-9481-850bc9678967,Физическое лицо,Да,Нет,Нет,Бензин,65,49,8,2688,клх Курильск
c3618368-8aca-45e7-ac44-858811ea69a5,Физическое лицо,Нет,Нет,Нет,Бензин,50,26,3,2871,г. Волхов
cea15f81-f933-4c48-9af9-2b89a9930268,Физическое лицо,Да,Да,Нет,Дизель,56,41,7,1971,г. Туруханск
476958a9-bb02-4b77-bc1a-788ed7bfc318,Физическое лицо,Да,Нет,Нет,Дизель,61,42,3,2426,г. Ельня
35802b7c-a909-4b98-a7e3-e61b7a358b54,Юридическое лицо,Нет,Да,Да,Дизель,113,69,8,7365,с. Александровск-Сахалинский
fd8925d6-b987-4fa7-8080-1b260efd9b16,Юридическое лицо,Нет,Да,Да,Бензин,108,60,15,6094,п. Палана
950d273d-857a-492f-a8c0-1aa57ae524df,Физическое лицо,Нет,Нет,Нет,Дизель,47,47,9,2910,с. Петропавловск-Камчатский
df401ad0-35e7-4ef1-95d4-efe2ca4d5e39,Физическое лицо,Да,Нет,Нет,Бензин,54,27,2,2611,к. Белокуриха
9fd689d5-dbf0-44c1-9fc1-a8f6d8d3d7ae,Физическое лицо,Нет,Нет,Нет,Дизель,50,27,3,3845,г. Южно-Сахалинск
c5408872-74f1-4c60-8522-2b101036c281,Юридическое лицо,Нет,Да,Да,Дизель,85,95,14,11518,г. Кингисепп
532d6a6b-c2a3-492e-a7b5-9322bd091f5c,Физическое лицо,Нет,Нет,Нет,Бензин,56,29,6,2393,к. Ершов
c33a06f4-1fba-4da5-9f2b-4a7902a8ab85,Юридическое лицо,Нет,Да,Да,Дизель,115,84,20,9443,клх Гдов
b8067d57-e105-4a98-b4db-d9b02201942c,Физическое лицо,Да,Нет,Нет,Бензин,70,41,7,3534,к. Пушкин
262455b2-6795-4462-89ab-a633994d1cef,Физическое лицо,Нет,Нет,Нет,Дизель,45,50,3,1807,клх Армавир
3fa562dd-6f2f-4aa7-892f-23516665819a,Физическое лицо,Да,Нет,Нет,Бензин,70,39,2,2559,п. Канск
e32bcc02-dfaf-428a-90b6-66dee7e1499a,Юридическое лицо,Нет,Нет,Да,Дизель,105,103,19,6893,клх Качканар
0aae68fb-381d-49f6-9211-37201065a927,Физическое лицо,Да,Нет,Нет,Дизель,49,33,6,3428,с. Бирск
2c1b69a3-54d4-4799-8ae2-38dc9c835c48,Юридическое лицо,Да,Да,Да,Газ,87,75,16,5244,п. Катайск
010a5b52-3e16-470b-85bb-224e4515b2e1,Физическое лицо,Да,Нет,Нет,Дизель,54,48,5,3878,клх Амурск
8186de19-05f8-40c2-b2c8-82b14fabbffd,Физическое лицо,Да,Да,Нет,Бензин,64,40,5,1928,ст. Рязань
6e9a7f2e-d576-45f1-8683-e3564952545e,Физическое лицо,Да,Да,Нет,Бензин,69,36,7,1658,клх Поронайск
6ee151fa-372b-4dd0-b4e1-5af6ed1e064a,Физическое лицо,Да,Нет,Нет,Бензин,48,30,4,3656,клх Малоярославец
6ff792df-517d-400e-9333-a099c065d34d,Физическое лицо,Нет,Нет,Нет,Бензин,48,40,7,3344,д. Горно-Алтайск
314ed81c-3178-45ad-abdd-b6f2b959c39b,Физическое лицо,Нет,Нет,Нет,Бензин,45,28,8,3637,д. Гремячинск (Бурят.)
70ff82d8-7b37-430c-8d10-bd5e5e2d501e,Физическое лицо,Да,Нет,Нет,Дизель,57,21,8,3378,ст. Моздок
547bf52b-98ad-492a-873b-f9a63c2963b9,Физическое лицо,Да,Нет,Нет,Бензин,70,29,10,3600,ст. Хатанга
fcb889bf-f85b-47e2-90e2-6a74ea04f1d5,Физическое лицо,Да,Нет,Нет,Бензин,63,24,6,2668,с. Черский
601b6433-7b5f-423e-9977-410226f20188,Физическое лицо,Да,Нет,Нет,Дизель,44,47,8,2315,клх Северобайкальск
8310e08a-4934-4700-addb-d9eba2ded8c5,Физическое лицо,Да,Да,Нет,Бензин,63,32,3,3468,клх Смоленск
97d9a749-7dbb-450f-a2ce-981d13f02164,Физическое лицо,Да,Нет,Нет,Дизель,59,45,7,2386,г. Троицк (Моск.)
9e75f1e9-913a-4970-888f-ba82011a93f1,Физическое лицо,Да,Нет,Нет,Дизель,52,39,6,3886,ст. Тура
e44da834-8e05-494a-82d9-4cf30f72a52d,Физическое лицо,Да,Нет,Нет,Дизель,58,20,10,3127,д. Комсомольск-на-Амуре
4fcb8cef-bd18-4154-9440-563e00ddc2a3,Физическое лицо,Да,Нет,Нет,Бензин,56,29,9,2277,г. Кисловодск
5f9103be-a4ba-4757-b5fc-efc0d1e1bc6b,Физическое лицо,Да,Нет,Нет,Бензин,51,44,3,3657,клх Печора
449831af-40b0-4137-a523-6e75fa2042bd,Физическое лицо,Да,Нет,Нет,Дизель,65,29,8,3531,д. Вуктыл
470d0aad-049b-4214-80e0-68fa665bf589,Физическое лицо,Да,Нет,Нет,Бензин,67,30,9,1610,с. Иркутск
3a1bee5e-ba81-4e26-adfc-a51e5d5bce16,Физическое лицо,Да,Нет,Нет,Бензин,70,41,5,2194,к. Белгород
564fc70e-5acc-42b2-b12b-db44c5542b7d,Физическое лицо,Да,Да,Нет,Бензин,64,36,3,2262,ст. Южно-Сахалинск
ce9feb70-db16-4229-8444-0c48581f3a7b,Юридическое лицо,Нет,Да,Да,Газ,126,88,12,12322,к. Суздаль
f7a4ce6c-098a-420c-a4f6-d6e3dc5848b6,Физическое лицо,Да,Нет,Нет,Бензин,63,45,3,2967,г. Александров
44f375ba-6e16-45a7-9f5f-efd8a029183d,Физическое лицо,Нет,Нет,Нет,Бензин,43,24,7,3363,п. Северобайкальск
daf9c484-3127-4835-be2b-2e31337adf42,Юридическое лицо,Нет,Да,Да,Бензин,101,102,19,10794,ст. Рыбинск
f972d065-09c8-4a04-b77e-6dc97691b797,Физическое лицо,Да,Нет,Нет,Дизель,46,41,5,2863,ст. Урюпинск
2daa174a-db01-4635-afbe-c30d6f82fee1,Физическое лицо,Нет,Нет,Нет,Бензин,59,33,7,2926,с. Черусти
006de338-7056-4b96-9ac6-98e292707a24,Юридическое лицо,Нет,Да,Да,Дизель,110,67,7,5875,г. Сосьва (Хант.)
1a84cce6-2ef5-4aa6-9b63-0699447d4f5a,Физическое лицо,Да,Да,Нет,Бензин,67,25,9,1825,г. Усть-Кулом
11f16aae-704b-41fe-97ae-ab0b23af8058,Физическое лицо,Нет,Нет,Нет,Бензин,69,45,9,3497,ст. Нефтекамск
eb2e9863-1ed6-46df-b4de-3914c4b40fcc,Физическое лицо,Да,Нет,Нет,Дизель,56,48,5,1683,с. Красная Поляна
94f63d19-cf24-4ae7-94cf-1d1783aa6c31,Физическое лицо,Да,Нет,Нет,Бензин,55,28,9,1816,к. Нижнеудинск
90228bf1-86ea-4ee0-95f5-239cc3f55dc3,Физическое лицо,Да,Нет,Нет,Бензин,63,27,4,1840,п. Владивосток
ea86cbf7-c7b4-4e1f-99cb-371d8aba0809,Физическое лицо,Да,Нет,Нет,Бензин,57,45,8,2521,ст. Шелагонцы
45af2c91-a95f-46b3-9ddd-88c3686b8410,Физическое лицо,Да,Нет,Нет,Бензин,43,40,7,3625,с. Нижний Тагил
a0f03358-36ff-4b1c-a25c-8af46862bd08,Физическое лицо,Да,Нет,Нет,Бензин,68,44,8,1729,клх Майкоп
5b3892f9-9b20-4ebf-8f29-dfc36a865d30,Физическое лицо,Да,Нет,Нет,Дизель,48,26,4,2219,к. Киренск
d7c95fb6-355f-4d9a-983e-7febc8328672,Физическое лицо,Да,Нет,Нет,Бензин,56,49,10,1913,к. Шадринск
67d8ee75-d9e4-4901-bbca-0bd5c028c3db,Физическое лицо,Да,Нет,Нет,Дизель,68,48,3,3546,с. Кетченеры
dee4f2b1-f26d-4604-bf0c-39bdb078e1c1,Физическое лицо,Нет,Нет,Нет,Бензин,68,42,5,1961,п. Кинешма
dbb3dbbf-2d57-4191-97d2-5b053286f965,Юридическое лицо,Нет,Да,Да,Дизель,138,98,7,6058,клх Когалым
9a20383e-4a6f-4412-8f6f-c4d2ab7f8528,Физическое лицо,Нет,Нет,Нет,Дизель,70,43,4,3380,клх Красноселькуп
3df05a1c-59ef-45ac-9d0a-579fdf4a85e0,Физическое лицо,Да,Нет,Нет,Бензин,55,33,7,2910,к. Борзя
38ccd6fe-fde6-4343-a5d4-6c6aecd66277,Физическое лицо,Да,Нет,Нет,Бензин,60,37,5,3741,ст. Краснодар
38a1750d-07c5-4495-9a1a-b73b05503036,Физическое лицо,Да,Нет,Нет,Дизель,47,42,4,3560,п. Алексин
a24f3d21-33ff-4ce8-a229-ce7f700dded3,Физическое лицо,Да,Нет,Нет,Бензин,62,22,9,2105,п. Старый Оскол
25c81966-f9fb-4ee6-872b-13ec05da812b,Физическое лицо,Да,Нет,Нет,Бензин,61,25,8,3714,клх Грозный
925b1f3e-3912-4cc6-976f-28282373ee86,Физическое лицо,Да,Нет,Нет,Бензин,46,42,2,3868,ст. Воронеж
cecc72f3-7108-4aeb-881a-91fb85a220c9,Физическое лицо,Да,Нет,Нет,Бензин,69,33,2,3335,клх Амурск
92d26ec3-86a8-48d0-bc1a-8ed67999ab96,Юридическое лицо,Нет,Нет,Да,Дизель,105,64,17,10867,г. Норильск
8080e7f9-02b6-4937-867f-171d3c82cad2,Юридическое лицо,Нет,Да,Да,Дизель,121,69,5,12494,к. Качканар
42f1fe3a-31bd-4f6c-a334-eb757b1852b1,Физическое лицо,Нет,Нет,Нет,Дизель,43,33,5,3818,г. Оренбург
6d5bed6c-2bb6-46ec-9d82-c62d58f42a36,Физическое лицо,Да,Нет,Нет,Бензин,70,38,8,1623,г. Приозерск
d72191a2-0e0a-48c0-88c5-96a7b2c073de,Физическое лицо,Нет,Нет,Нет,Бензин,52,49,7,1527,г. Анадырь
ad2bdc91-31a1-4d6c-880d-1c9b7a4efe46,Физическое лицо,Нет,Нет,Нет,Бензин,49,38,8,2895,с. Вологда
39b71f4f-c94b-4e56-9d26-6271fcfb9036,Физическое лицо,Нет,Нет,Нет,Бензин,51,46,9,2484,с. Балашиха
4d7e5267-020f-4cf3-980c-272f38ecab49,Физическое лицо,Нет,Нет,Нет,Бензин,49,36,6,3992,клх Агата
1b22cbed-6dd5-4e83-9d07-17214f9800d0,Физическое лицо,Нет,Нет,Нет,Бензин,64,50,8,3271,г. Нерчинск
75e8a324-cbac-46e0-8a3e-f50916cefe2c,Физическое лицо,Да,Нет,Нет,Дизель,60,24,4,2546,клх Находка
02ac7c15-4878-4180-b1f7-1b3d5e032074,Юридическое лицо,Нет,Да,Да,Газ,92,93,8,13043,клх Чегем
7275fe5e-941c-4984-b08c-eeba54046a3c,Физическое лицо,Да,Нет,Нет,Бензин,50,45,7,2532,г. Асино
e6f6f410-783c-4d08-a223-487014560257,Физическое лицо,Да,Нет,Нет,Дизель,55,26,9,3943,п. Белореченск
43fdcc48-7af9-4f58-ae96-7536cc9d235d,Юридическое лицо,Нет,Да,Да,Дизель,145,90,14,13398,с. Хасан
c7d4a751-e96f-4964-a33f-9138e1c4c53a,Физическое лицо,Да,Да,Нет,Бензин,42,21,7,2787,к. Солнечногорск
1f277e79-2863-4079-b89a-d5cae3e7e7c7,Юридическое лицо,Нет,Нет,Да,Дизель,138,119,10,6477,г. Нарым
453743c3-a53d-449a-bb98-d538c8d3284c,Юридическое лицо,Нет,Да,Да,Дизель,129,82,7,6908,клх Сосновый Бор
3eec4ca0-1653-4372-8f8a-63981a343b8f,Физическое лицо,Нет,Да,Нет,Дизель,53,45,5,3476,с. Переславль-Залесский
e8d6bd13-2625-4607-8323-2d8316eb0e22,Физическое лицо,Нет,Нет,Нет,Бензин,42,46,3,1594,д. Мыс Шмидта
04587f18-5044-4f95-ad45-f579e22f76b9,Юридическое лицо,Нет,Да,Да,Дизель,108,82,9,12205,к. Зеленогорск (Ленин.)
5c9c5d27-06bc-40ee-b87c-993477d76855,Физическое лицо,Да,Нет,Нет,Бензин,64,24,5,2674,клх Нарым
37cce276-e70a-419e-a165-4379275dba20,Юридическое лицо,Нет,Да,Да,Дизель,96,101,18,13761,г. Шелагонцы
c87fa605-6a0b-4aab-80d0-d315694bb257,Физическое лицо,Нет,Нет,Нет,Бензин,70,26,5,2477,д. Шаховская
e9d29d22-ec33-437f-8ea7-bd4ed532a8d6,Физическое лицо,Да,Нет,Нет,Дизель,50,49,4,3811,п. Карталы
916b2c94-3dd1-4f75-a9d2-17afc89fea2b,Физическое лицо,Нет,Нет,Нет,Дизель,50,34,3,2102,клх Калуга
53123c4a-152b-424d-99cb-be6219bcd0d3,Физическое лицо,Нет,Нет,Нет,Дизель,67,30,10,3139,ст. Ставрополь
6f0f4cdc-d8f0-46b8-a6a1-322b3533f8b6,Физическое лицо,Да,Нет,Нет,Дизель,42,32,2,2092,к. Новороссийка
bbd0bbba-347e-4225-85e7-5e1f954460e3,Физическое лицо,Да,Нет,Нет,Дизель,50,44,3,3309,к. Гремячинск (Бурят.)
aac682b7-70c5-4fad-843c-cf2248e5dfea,Юридическое лицо,Нет,Да,Да,Дизель,126,115,20,13920,к. Печенга
852af0ea-ecaf-4076-b945-1dfbe5ba9351,Юридическое лицо,Нет,Нет,Да,Дизель,118,92,14,6244,д. Соликамск
52a8d836-78c2-4014-a5c1-c88dc40b05e5,Физическое лицо,Да,Нет,Нет,Бензин,69,37,7,2978,ст. Одинцово
1c315ba7-2c50-4dbc-b979-f7164982f88a,Юридическое лицо,Нет,Нет,Да,Дизель,95,84,13,12306,ст. Златоуст
65966477-b544-4fb8-9fcb-64ba3b77be69,Физическое лицо,Да,Нет,Нет,Бензин,66,22,5,2856,д. Малгобек
2e365f3e-1f4f-49f5-970b-e9c9ae8b8972,Физическое лицо,Да,Нет,Нет,Бензин,68,24,4,3271,ст. Красноуральск
9ca75b35-924a-4a3d-a9a6-0b6722b91f21,Физическое лицо,Нет,Нет,Нет,Бензин,68,41,4,1638,к. Валаам
20fecba2-3f0e-490c-81ca-3a0d2d303b5d,Физическое лицо,Да,Нет,Нет,Дизель,51,42,5,2803,п. Партизанск
15599fe1-a6bf-42a5-a73d-e1626cb312c5,Физическое лицо,Да,Нет,Нет,Бензин,56,50,7,3646,с. Видное
9d23ff35-347c-4b78-be51-fd64f0ba9601,Юридическое лицо,Нет,Нет,Да,Дизель,145,66,14,9855,г. Юровск
e3760cea-d644-4f55-b236-a1c0833b45df,Физическое лицо,Да,Нет,Нет,Дизель,51,24,7,2635,с. Каневская
d35429f3-c741-433a-9ea7-0c1fb2825e31,Физическое лицо,Да,Нет,Нет,Бензин,45,41,6,2162,ст. Бийск
625e0f22-863b-41fa-8e34-e474464efda5,Физическое лицо,Да,Нет,Нет,Бензин,47,47,7,2096,г. Чокурдах
f0cdf74c-380c-4188-813f-e3a070d848fc,Физическое лицо,Да,Нет,Нет,Бензин,58,31,7,1741,с. Онега
270481cb-ddbf-4d9e-944a-a9ca9b88dffe,Физическое лицо,Нет,Нет,Нет,Бензин,56,48,7,3330,г. Александров
43e8f233-eb7d-4a5c-b332-1d356cc30508,Физическое лицо,Да,Да,Нет,Бензин,45,20,5,3434,г. Кяхта
b91b11c3-0526-4b16-95df-7f41e672d66a,Юридическое лицо,Нет,Да,Да,Газ,146,115,14,10611,ст. Александровск-Сахалинский
3ff5e423-26b6-4c95-adab-a18a37922a05,Физическое лицо,Да,Нет,Нет,Бензин,66,23,5,2995,клх Клин
1772b454-ceaa-469e-9116-db4a38ce05da,Физическое лицо,Да,Нет,Нет,Бензин,44,35,7,2498,г. Чокурдах
4205f65d-e4f8-47df-a04f-9e2d8ff76b63,Физическое лицо,Да,Да,Нет,Дизель,60,44,6,1797,п. Якутск
5819c1b4-ccf7-4d49-ba15-587f3b12d513,Физическое лицо,Да,Нет,Нет,Дизель,43,39,4,1951,п. Макушино
73a9c325-5e07-4ddf-9dda-dc11841378dc,Физическое лицо,Да,Нет,Нет,Бензин,42,46,3,3705,клх Красногорск (Моск.)
86d51067-2455-4596-8af0-7addfd7869ae,Физическое лицо,Да,Нет,Нет,Дизель,69,23,2,3902,к. Нязепетровск
efa5dfb2-fce6-4d26-a398-80655edf161e,Физическое лицо,Да,Нет,Нет,Бензин,44,37,8,2833,г. Самара
ef446cb1-32ee-42bd-ae34-fce9e67b2934,Юридическое лицо,Нет,Да,Да,Дизель,95,112,9,14712,п. Андреаполь
93fd38e8-1caa-4e35-99e1-a8d525023b66,Физическое лицо,Да,Нет,Нет,Дизель,64,46,5,3373,г. Верхний Баскунчак
8c5bc3ee-5273-4520-869d-ef171e99e191,Юридическое лицо,Нет,Да,Да,Газ,99,112,6,13208,г. Кимры
2e45df7a-7011-453f-80cd-c9bc01bbd5ae,Физическое лицо,Да,Да,Нет,Бензин,63,23,6,3594,с. Касимов
ccbe8ac8-c043-4903-8d99-8c0d409b27e3,Физическое лицо,Нет,Нет,Нет,Бензин,50,24,5,1905,г. Чермоз
5b43498d-12e3-4325-9d39-0e0a43d330ae,Физическое лицо,Нет,Нет,Нет,Дизель,69,31,3,3399,клх Валаам
31d61d35-5195-469c-8fa0-fb6787b666b3,Физическое лицо,Да,Да,Нет,Бензин,60,24,5,3476,к. Дудинка
99cb5892-055f-48e6-86d6-79acb4686287,Физическое лицо,Да,Нет,Нет,Бензин,54,23,4,3154,г. Адыгейск
16e882ba-de63-4b62-ba9f-c56838c68961,Физическое лицо,Да,Нет,Нет,Бензин,65,49,5,3140,г. Кинешма
a5314dea-696d-410f-9f67-2cf0d032f48f,Юридическое лицо,Нет,Да,Да,Дизель,129,112,15,7191,д. Салехард
cf3e8ba3-a1af-4d2c-a02a-5b631fc38422,Физическое лицо,Да,Нет,Нет,Бензин,52,37,7,1962,с. Сибай
915c5bd3-cdf9-4c7b-bf69-c0043d6425a6,Физическое лицо,Да,Да,Нет,Бензин,59,20,10,2567,с. Батайск
26034091-f371-4485-8a91-f8a61f821ed0,Физическое лицо,Да,Нет,Нет,Бензин,40,43,5,3533,п. Томск
720fd577-d12d-485a-882f-24237efdf856,Физическое лицо,Да,Да,Нет,Бензин,70,38,3,3549,д. Чермоз
ec7c8161-7f32-4982-81a1-c7b0153d443d,Физическое лицо,Да,Да,Нет,Бензин,44,25,3,1939,клх Сыктывкар
3d7cdc7f-52c0-4db7-a952-d5c364dd508b,Физическое лицо,Нет,Нет,Нет,Дизель,40,36,2,2367,с. Яхрома
b1cb12d7-3a7d-45d8-811c-596c42a3a642,Физическое лицо,Да,Нет,Нет,Дизель,62,41,8,3489,г. Жиганск
d24c2ee4-c2a6-4a0b-b002-a5c2ee021abe,Физическое лицо,Да,Нет,Нет,Бензин,60,38,3,3831,д. Москва
1a7fb155-be39-45c5-8029-a55bdbdbc0ae,Физическое лицо,Да,Нет,Нет,Бензин,68,50,6,3892,клх Рославль
b141a2c9-f56e-4e40-bd3a-6f51aaa454a1,Физическое лицо,Нет,Нет,Нет,Дизель,57,49,5,2589,п. Курган
1eb72393-ef50-414f-91f7-950e95982832,Юридическое лицо,Нет,Да,Да,Газ,113,110,10,14002,ст. Йошкар-Ола
3221fe90-1a32-4919-bed8-5265cb1c51bc,Физическое лицо,Нет,Нет,Нет,Дизель,57,32,6,1925,к. Тамбей
1ce53395-3528-42a5-85fa-17e35b968d5b,Физическое лицо,Нет,Да,Нет,Бензин,50,30,3,3682,г. Чита
8eb446ac-f3c0-47dd-ab5d-dc4438e2416a,Физическое лицо,Да,Нет,Нет,Дизель,49,26,8,2205,к. Крымск
7485157f-0244-46be-b213-feb68ba81d6b,Физическое лицо,Да,Нет,Нет,Бензин,65,35,4,3987,д. Змеиногорск
e28f9fdb-c805-4f34-8a05-2bcd1ab33aa6,Физическое лицо,Да,Нет,Нет,Бензин,49,43,6,3830,клх Тайшет
602e58b9-4608-41d7-bc78-b0343845a5d1,Физическое лицо,Нет,Нет,Нет,Дизель,61,27,2,1623,клх Забайкальск
787a5045-a1f4-4e1f-8add-b0aa5dff2828,Физическое лицо,Да,Нет,Нет,Дизель,44,38,4,3639,клх Чехов
3a70da91-0fab-4aab-ae77-5e59dfd14cb8,Физическое лицо,Нет,Нет,Нет,Бензин,47,23,9,3505,ст. Кущевская
3a13abd4-159b-4ec5-9cad-0e661749586c,Физическое лицо,Да,Нет,Нет,Бензин,52,46,4,3424,ст. Макаров
ea94833b-7e41-43d4-a106-ef34859904d8,Физическое лицо,Да,Нет,Нет,Дизель,53,40,4,3624,клх Когалым
da08c4bb-12ed-44f3-ab9d-c6729a092d63,Физическое лицо,Нет,Нет,Нет,Дизель,58,23,9,3459,ст. Усть-Баргузин
84b6406d-b1c8-4bef-a9f0-bf05c3567642,Юридическое лицо,Нет,Нет,Да,Бензин,102,78,7,8537,д. Арзамас
e184ab29-e051-4b2a-9b87-4a23291033d0,Физическое лицо,Нет,Нет,Нет,Бензин,50,37,9,3420,к. Кырен
cc86c0ac-059d-4cd9-9725-ee73ce3a25e4,Физическое лицо,Да,Нет,Нет,Дизель,63,48,2,3054,п. Курганинск
eed3eb5c-01cc-49d0-a735-4d64a364f4d2,Физическое лицо,Да,Нет,Нет,Бензин,64,47,7,3486,с. Алагир
11b2bc19-74b1-404e-9d29-b5b67b5ec4cc,Физическое лицо,Да,Нет,Нет,Бензин,67,45,6,2793,к. Серов
cfeaa3b3-a9d9-42d4-9d60-9e27e24d4ad7,Физическое лицо,Да,Да,Нет,Бензин,64,35,9,3645,д. Анапа
352a0a24-22a7-44cd-9d51-5a37bab57ebf,Физическое лицо,Нет,Да,Нет,Бензин,64,48,10,3900,ст. Таганрог
d7decc8c-39fd-440a-b1dd-fda88483dc40,Физическое лицо,Да,Нет,Нет,Дизель,47,30,9,3200,п. Котельнич
3f1f08df-6733-40a1-897e-bca1bc6787d6,Физическое лицо,Да,Нет,Нет,Дизель,59,23,10,3938,ст. Советский
1c808517-eeff-49b6-875d-de0d7f0797eb,Физическое лицо,Да,Нет,Нет,Бензин,58,46,3,2087,ст. Тихвин
215af8db-06fc-4525-9c02-6dbdf7cdb30f,Физическое лицо,Да,Нет,Нет,Бензин,63,23,10,1510,клх Яр-Сале
028d12ae-9201-4c6d-b2ef-268522c604fe,Юридическое лицо,Нет,Да,Да,Газ,124,81,10,14594,ст. Холмогоры
de87a6da-ddf2-4a4e-9096-a2b2367a9763,Физическое лицо,Да,Нет,Нет,Бензин,56,47,8,2898,к. Тюмень
2a6fc6d7-04bf-4962-9d49-6549b15e3ce3,Физическое лицо,Нет,Нет,Нет,Бензин,69,34,2,2470,г. Томари
78b2c1ac-c7a8-4b75-a656-d4386114a40b,Юридическое лицо,Нет,Да,Да,Газ,115,69,10,9162,ст. Азов (Рост.)
fb9040b8-f4df-4c2d-bfef-5fd713a2bca9,Физическое лицо,Да,Да,Нет,Бензин,61,45,3,3258,ст. Сосногорск
30e99911-0ea4-4eaa-b72f-f08c84f6df35,Физическое лицо,Да,Нет,Нет,Бензин,60,34,6,1683,к. Шатура
2dab791e-5cbd-4281-a2f8-ef0d09d3c7be,Физическое лицо,Нет,Нет,Нет,Бензин,64,46,6,2409,п. Малоярославец
af0d7c72-1f86-41a6-a6aa-ca945dad8c1f,Юридическое лицо,Нет,Да,Да,Дизель,145,84,14,7490,п. Муравленко
c7b5bfa9-e26b-4b8d-8685-75c2be43d91d,Юридическое лицо,Нет,Да,Да,Дизель,93,120,19,7492,ст. Туапсе
b40a85f7-d0cf-4f29-bdc2-ca20c9e5fa04,Физическое лицо,Нет,Нет,Нет,Бензин,66,27,8,3462,д. Игнашино
51aa8c9d-2677-4da4-a662-d26bfa7c19ba,Юридическое лицо,Нет,Да,Да,Дизель,112,75,8,13939,г. Устюжна
957ebe83-4814-4ff5-b316-143de9f8784b,Юридическое лицо,Нет,Да,Да,Газ,143,85,8,14911,д. Усть-Ишим
2d774158-9a29-4b34-9eb4-49fc9a4077b6,Физическое лицо,Да,Нет,Нет,Дизель,54,26,4,1856,д. Витим
4853d5f7-6e9d-4001-afd1-f693a3ddfbe5,Юридическое лицо,Нет,Нет,Да,Газ,118,100,17,14462,д. Муравленко
d1335a96-dd8e-41d1-891e-f119c633c4d2,Физическое лицо,Да,Нет,Нет,Бензин,54,48,10,1999,ст. Льгов
c428cfe8-3e15-4217-840f-a8cf1fa5ebc5,Физическое лицо,Да,Нет,Нет,Дизель,56,46,2,2837,ст. Верхнее Пенжино
ae1f788e-7e83-4987-88fc-ef8a31558613,Физическое лицо,Да,Нет,Нет,Дизель,66,25,2,2275,к. Урус-Мартан
9040c153-29ea-4608-9fc3-a83b5416ac4a,Физическое лицо,Нет,Нет,Нет,Дизель,49,28,10,3215,г. Нарым
f2fac849-ee8f-40bc-ad20-5fd9e832d541,Физическое лицо,Да,Нет,Нет,Бензин,62,26,3,3815,г. Новомичуринск
6aa5af3d-f562-467b-8a88-13eee90dfe71,Физическое лицо,Нет,Нет,Нет,Бензин,52,44,10,2084,ст. Черусти
9af563b8-ddd8-41a4-89de-3c08e53999a7,Физическое лицо,Да,Нет,Нет,Бензин,49,29,3,3572,клх Гаврилов-Ям
9fe1ebcf-8891-4c42-ba27-c374e3d6fe19,Юридическое лицо,Нет,Да,Да,Бензин,148,102,13,10559,к. Оленегорск (Якут.)
35ec765b-7e25-48a1-9fa1-4400961d1196,Физическое лицо,Да,Да,Нет,Дизель,59,39,2,3274,клх Набережные Челны
5274335a-d8eb-4e59-9989-3adeb5ab44c1,Юридическое лицо,Нет,Да,Да,Бензин,137,93,13,10917,п. Сусуман
198c3c3f-ecb0-42e4-acb1-17e715e4ae04,Юридическое лицо,Да,Да,Да,Дизель,130,66,12,8734,д. Сарапул
ea77b129-4720-4902-8110-f2bccf80b52f,Физическое лицо,Нет,Нет,Нет,Бензин,49,40,7,2564,г. Волоколамск
f525c343-f925-4ac8-ae94-045b35c9e090,Физическое лицо,Нет,Нет,Нет,Бензин,43,37,7,2089,к. Хасавюрт
fea0d8b7-f1a6-47db-becd-2ce2dc829fdf,Физическое лицо,Нет,Нет,Нет,Дизель,59,21,6,2670,к. Саров (Морд.)
932e7a75-11d6-4a6b-b8d1-532f08b078dc,Физическое лицо,Да,Нет,Нет,Дизель,56,41,7,1651,п. Шумиха
b6479ded-15c5-4f3e-b4c2-1115c370d822,Физическое лицо,Нет,Нет,Нет,Бензин,48,31,2,2605,ст. Вендинга
1a242f16-671d-40c3-845a-842c65fb3c12,Физическое лицо,Да,Нет,Нет,Бензин,58,28,3,2032,д. Славгород
65403355-de9a-45f3-87b0-acf9fac3132b,Юридическое лицо,Нет,Да,Да,Дизель,94,66,6,11700,п. Белогорск (Амур.)
60a435a5-0db6-46fe-96bc-d15f6559a35b,Физическое лицо,Да,Нет,Нет,Бензин,41,28,6,1559,к. Ишим
cd506ea2-7005-4198-8252-bfd31a3c1671,Физическое лицо,Нет,Нет,Нет,Бензин,48,38,2,2353,д. Нижнекамск
bd6e8a09-dc31-468f-87a5-fc649228a7e4,Юридическое лицо,Нет,Да,Да,Дизель,128,90,15,13685,г. Кызыл
a4a05de1-7b09-4c49-8faa-5724c7454f65,Юридическое лицо,Нет,Да,Да,Газ,95,97,19,13492,ст. Ржев
8248997e-3ad4-4328-9b1a-50e39ec10b64,Юридическое лицо,Нет,Да,Да,Дизель,97,75,11,13932,п. Хабаровск
52b55309-8f0b-42ac-9848-341f5486031a,Юридическое лицо,Нет,Да,Да,Газ,116,99,8,7558,п. Приморско-Ахтарск
a458567f-9090-4fda-8434-d9d8c47c2e7e,Физическое лицо,Да,Нет,Нет,Бензин,53,20,7,2485,г. Североморск
9a998653-f629-43e3-920a-b19d65050b64,Юридическое лицо,Нет,Да,Да,Бензин,150,61,15,13695,г. Тутаев
2d9ba496-d4e8-49c8-be43-4ddbb8312040,Физическое лицо,Нет,Нет,Нет,Дизель,40,39,6,1760,п. Щельяюр
dd8a02b4-2981-42f2-b790-a21864c20917,Юридическое лицо,Нет,Да,Да,Бензин,86,90,7,7274,п. Орехово-Зуево
61e1a6ec-2146-4e8c-8b8d-7867b1e22ea3,Юридическое лицо,Нет,Да,Да,Бензин,111,78,7,10730,с. Черняховск
9d8e8d94-bb4d-44e5-998c-caa81d013c4f,Физическое лицо,Нет,Нет,Нет,Дизель,67,32,7,1790,д. Березники
8beb86f3-79ca-44a8-9bad-b003af290bcc,Физическое лицо,Да,Нет,Нет,Дизель,51,44,5,3242,с. Ростов-на-Дону
3085fde8-e5f6-42d8-aeab-f086e79eeb49,Физическое лицо,Да,Нет,Нет,Бензин,50,41,4,3644,п. Махачкала
6851f048-2191-4245-af2d-75d5458345f7,Физическое лицо,Нет,Да,Нет,Дизель,49,35,4,2001,д. Стерлитамак
b23e1f52-b233-434f-bfdc-8a50f395ed24,Физическое лицо,Да,Нет,Нет,Бензин,52,26,5,3018,п. Двинской
7db317db-ee67-49fc-8f12-9bacfc40013e,Физическое лицо,Да,Нет,Нет,Бензин,60,49,2,2343,п. Каменск-Шахтинский
3c3af40d-6cc4-453b-b1de-ef9321d5ee06,Физическое лицо,Да,Нет,Нет,Дизель,41,29,4,3615,п. Курганинск
0b98a8f5-a55f-4ab9-a2d5-c2f342ba2c5d,Физическое лицо,Да,Нет,Нет,Бензин,58,39,8,2147,ст. Уссурийск
f1963d5c-b414-431c-ae36-7fcbb524e912,Юридическое лицо,Нет,Да,Да,Бензин,106,119,18,14338,д. Невельск
54540bc1-bdfc-4f00-b2a7-5022c5ef02b6,Физическое лицо,Да,Нет,Нет,Бензин,70,48,10,3815,с. Рыльск
a4ed389d-9e80-496f-87ac-5c4a3430f3a7,Физическое лицо,Да,Да,Нет,Бензин,67,47,8,3564,п. Аша
e29b06c3-40e9-4c07-8d60-e91bf77d3e2b,Физическое лицо,Да,Нет,Нет,Бензин,45,49,2,2799,п. Шенкурск
29e1f0f8-a577-4752-9b83-7581ba33b34d,Физическое лицо,Да,Нет,Нет,Дизель,70,27,4,3229,г. Арзамас
130850a2-85aa-48fc-8a3e-611102ee832f,Физическое лицо,Нет,Нет,Нет,Дизель,64,28,6,3648,п. Калач-на-Дону
49dae391-d369-4a29-b1c6-3961722db520,Физическое лицо,Да,Нет,Нет,Бензин,60,41,10,3102,п. Буйнакск
a1791a77-3db3-4523-bd2c-4a9fa0fb584b,Физическое лицо,Да,Нет,Нет,Бензин,52,37,8,2190,к. Териберка
605d35c0-93eb-4c29-ad5b-998227bc2fc5,Физическое лицо,Нет,Нет,Нет,Бензин,63,48,6,2813,п. Мценск
4f9c3a2a-d686-4437-a464-e9f9f5669874,Физическое лицо,Да,Нет,Нет,Бензин,51,35,10,3096,клх Сладково
aad5ebc3-c910-40fa-b31d-936b6fa47619,Физическое лицо,Да,Нет,Нет,Бензин,55,37,9,2000,г. Верхоянск
777e48c1-5983-408d-8e0c-f523e219f691,Физическое лицо,Да,Нет,Нет,Бензин,65,43,10,2691,д. Истра
89aa84d9-87ac-40a7-bc73-8a510c8f63d7,Физическое лицо,Нет,Нет,Нет,Дизель,57,49,3,1581,г. Печенга
9b2df457-cebe-4513-9c35-1383ec0ee0eb,Юридическое лицо,Нет,Да,Да,Бензин,150,102,16,8304,клх Салават
fdf2fa01-7cd7-4f47-b2b1-cb1182d2c3b0,Физическое лицо,Да,Нет,Нет,Дизель,62,27,9,2030,п. Ессентуки
32ff8e52-5a5a-4136-b6a2-26690ba4b392,Юридическое лицо,Нет,Да,Да,Дизель,115,113,12,13552,к. Ряжск
4dcb40b4-1e48-460b-b6df-ffb1239727a4,Физическое лицо,Да,Нет,Нет,Бензин,48,48,2,3516,к. Улан-Удэ
70cd739e-34fc-4695-bf96-2c9035a49d7e,Физическое лицо,Да,Нет,Нет,Бензин,70,50,2,2680,к. Новомосковск
9a7a4280-7042-44d1-82aa-c1515fbf8c48,Физическое лицо,Да,Нет,Нет,Бензин,44,41,4,2455,к. Пушкин
6fa0af8f-e79c-443d-a285-75da387731dd,Физическое лицо,Нет,Нет,Нет,Бензин,52,35,9,2919,с. Мытищи
a0acd8ec-83cb-4711-b73f-8890b7cfbfbc,Физическое лицо,Да,Нет,Нет,Бензин,58,28,8,3822,г. Певек
1b75b7b8-e408-4148-ad79-1f2edbce7bba,Физическое лицо,Да,Нет,Нет,Бензин,49,20,2,2487,ст. Усмань
57b43f20-2c9c-4032-bc93-4d6957be1b3a,Физическое лицо,Нет,Нет,Нет,Бензин,55,36,6,3864,с. Славгород
715b899b-1531-48f3-9ece-ea77dd9d3202,Физическое лицо,Да,Нет,Нет,Бензин,62,41,6,3825,п. Пушкино (Моск.)
6059d5a4-e8b2-46af-aa3d-5280b45ebd08,Физическое лицо,Да,Нет,Нет,Дизель,55,25,7,1793,ст. Соликамск
ac68aba9-a5af-4d4f-bb36-48084a7c3b03,Физическое лицо,Нет,Нет,Нет,Дизель,68,32,8,3217,клх Каневская
c72714db-91be-49ab-9377-5a07bed04291,Физическое лицо,Да,Нет,Нет,Бензин,50,35,2,3311,клх Шерегеш
b8575028-d774-441d-b2c3-a54463995e3f,Физическое лицо,Да,Нет,Нет,Бензин,40,30,3,1824,г. Красноярск
e374cad0-b89d-4687-b3af-1f48764771a5,Юридическое лицо,Нет,Да,Да,Дизель,118,120,19,13194,клх Алагир
0ec331c7-fb2a-435b-9c3e-f2235d49d195,Физическое лицо,Да,Нет,Нет,Дизель,42,20,10,2788,клх Королев
94aeb9dc-0a6d-4db7-9666-505fac9fb4d3,Физическое лицо,Нет,Да,Нет,Бензин,40,26,4,2286,ст. Ногинск (Моск.)
a1c2e4c1-a602-4520-b9ce-5b8470ac7444,Физическое лицо,Да,Нет,Нет,Бензин,44,32,5,1999,д. Жигулевск
74c1b4cc-4813-44fa-8e49-4cc2865381e9,Физическое лицо,Да,Нет,Нет,Бензин,63,39,3,3306,клх Кропоткин (Краснод.)
0f613257-702e-4e0d-8060-07cefb23c375,Физическое лицо,Да,Нет,Нет,Бензин,67,27,7,3999,п. Лысьва
8d79ce4f-0cd6-46f4-a310-3b7ab03f127b,Физическое лицо,Да,Да,Нет,Бензин,42,23,5,3053,п. Снежинск
741cea1a-fddd-4914-95c3-1502b9ce6293,Юридическое лицо,Нет,Да,Да,Дизель,150,83,6,11167,ст. Сортавала
4966be44-2523-4dd3-9ccf-2279d477f215,Физическое лицо,Нет,Нет,Нет,Дизель,61,32,2,2401,клх Калевала
df2fae09-8208-4a56-b9a4-3775e338250d,Физическое лицо,Да,Нет,Нет,Дизель,56,48,5,1753,г. Тарко-Сале
00918747-0dd2-4d37-a012-699f0b8bb661,Физическое лицо,Нет,Да,Нет,Бензин,47,43,6,3313,с. Руза
405accfd-2764-4a2e-ad5a-c701404ec99a,Физическое лицо,Да,Да,Нет,Дизель,41,38,2,3769,г. Комсомольск-на-Амуре
0bd65a12-8887-423a-8c2d-8c4dd3998106,Физическое лицо,Да,Нет,Нет,Бензин,44,20,8,1946,клх Кингисепп
1b6a18f4-3519-4d09-9ce7-809011991498,Физическое лицо,Нет,Да,Нет,Бензин,62,49,9,3736,ст. Сорочинск
0badedbc-fabb-4b78-b8a9-c9fda1fd4520,Физическое лицо,Да,Нет,Нет,Бензин,66,28,8,2044,д. Диксон
2fe6d83c-d0bf-4a9b-87ed-9cbebe15b1e1,Физическое лицо,Нет,Нет,Нет,Дизель,40,38,10,1794,ст. Губкинский
7b7a7fa7-7859-44b3-930f-b63808c9c315,Физическое лицо,Да,Нет,Нет,Бензин,45,33,2,1786,г. Яшалта
e8db13b9-6315-41ed-88b1-873b5efe7ebf,Физическое лицо,Да,Да,Нет,Бензин,69,35,4,2476,д. Усть-Калманка
5273b046-12cf-46b0-b009-0910b7068af7,Физическое лицо,Да,Нет,Нет,Бензин,70,38,7,1545,д. Оленек
4b133d3d-f7e5-4ba9-be84-0567b30c5ef5,Юридическое лицо,Нет,Да,Да,Дизель,104,82,16,11754,клх Шумиха
17cc5326-6932-45a6-8aba-6425c4bd5023,Физическое лицо,Да,Нет,Нет,Бензин,56,26,6,2586,ст. Тикси
84ab9b2c-a802-4c84-bdca-75e9a9ba1967,Физическое лицо,Да,Нет,Нет,Бензин,59,27,9,2003,к. Находка
d2e9655b-5b39-4b1e-a278-51395cc15698,Физическое лицо,Да,Нет,Нет,Бензин,43,35,8,2298,д. Анива
932c3c0b-2d45-4b33-861c-0f89852ad382,Физическое лицо,Да,Нет,Нет,Бензин,57,26,4,2401,с. Черский
a99298bf-f31c-4bac-a881-38734343829e,Физическое лицо,Нет,Да,Нет,Дизель,56,23,4,2919,п. Уфа
bc9073dd-6fa6-4803-bf88-40bc04df4ec9,Физическое лицо,Да,Да,Нет,Бензин,68,46,4,2155,г. Сузун
393cd0bf-35ce-4053-93c0-c4efb17dd0ed,Физическое лицо,Да,Нет,Нет,Бензин,60,27,3,2919,д. Пятигорск
d7b4ee09-8963-4555-896d-c214be0438e1,Юридическое лицо,Нет,Да,Да,Дизель,110,120,11,6011,п. Бугульма
6bfcc667-9671-46c2-ad31-638d466dd575,Физическое лицо,Нет,Да,Нет,Бензин,56,34,7,1877,п. Шенкурск
1f6e8fe0-fba3-4aec-985e-55b5f661bb62,Физическое лицо,Да,Нет,Нет,Дизель,49,21,3,3964,с. Лесной (Сверд.)
01dce5db-6c98-4491-bf9c-08377b0415ef,Физическое лицо,Да,Да,Нет,Бензин,40,28,5,2357,д. Лазаревское
1a418775-0b1b-4031-8fd8-6e4fb22d228f,Юридическое лицо,Нет,Да,Да,Дизель,90,116,6,8816,п. Воронеж
7f4f7cce-dda6-415f-9d5f-c9286c620629,Физическое лицо,Да,Нет,Нет,Бензин,55,34,10,3033,ст. Сарапул
8efcadda-fa7f-4a06-a31b-631a7b852679,Физическое лицо,Да,Да,Нет,Бензин,50,21,6,3888,к. Чехов
a0b1c99f-7849-4b4c-8eba-fe8989c3f2b8,Физическое лицо,Нет,Нет,Нет,Бензин,69,27,10,2780,г. Ейск
ab586212-0216-4fc5-8957-2673cf7c5383,Физическое лицо,Да,Нет,Нет,Бензин,60,32,4,3860,клх Краснотурьинск
b9ee5dea-d9a6-4bec-ae55-9f3a05ed39f6,Физическое лицо,Да,Нет,Нет,Дизель,40,27,7,2185,ст. Хасавюрт
a4dc99f3-7976-4332-8283-b864b9f56621,Физическое лицо,Нет,Нет,Нет,Бензин,52,43,7,1664,ст. Красноуфимск
ce97809e-60e8-411b-b67f-e8694ced4bae,Физическое лицо,Да,Нет,Нет,Бензин,66,37,6,1913,г. Ведено
cfaafa26-b184-49b3-9c61-8123761cd478,Физическое лицо,Нет,Нет,Нет,Дизель,45,25,5,2893,д. Нальчик
417c7dbd-4e05-4b1b-8fbb-5dd6d4b77df9,Физическое лицо,Нет,Нет,Нет,Дизель,52,38,8,2962,к. Тамбов
f23cfe66-8dfe-4719-971e-d88c6a4444c8,Физическое лицо,Да,Нет,Нет,Бензин,52,36,8,3195,п. Валаам
70542169-582e-468c-ba93-0d686cf65263,Физическое лицо,Да,Нет,Нет,Бензин,64,40,5,3582,г. Мыс Шмидта
ee2d9c6d-8c36-405f-8da0-382096a5b451,Физическое лицо,Нет,Нет,Нет,Бензин,40,40,2,1611,с. Серебряные Пруды
c9789f40-709c-4722-99af-1b50490629ac,Физическое лицо,Нет,Нет,Нет,Бензин,57,43,6,3376,г. Таганрог
7fc9e2a0-ec68-48ca-9ea8-ad62ff1e83d1,Физическое лицо,Да,Нет,Нет,Дизель,63,39,7,3337,клх Мокшан
ee8fd990-f939-41bd-ab2b-dd0dd37f5cd8,Физическое лицо,Да,Нет,Нет,Дизель,64,45,7,3896,к. Богучар
98ef7f52-fe7c-4dd1-bed2-e21fd5cfc876,Физическое лицо,Да,Нет,Нет,Бензин,42,20,6,2859,д. Россошь
e5a94a55-db13-4cce-89c7-1cd25ab62bdc,Физическое лицо,Нет,Нет,Нет,Бензин,44,34,9,2213,п. Владикавказ
5394e291-fab0-42f5-9bb7-f5a22286dd9f,Физическое лицо,Да,Нет,Нет,Бензин,51,48,3,2386,с. Красновишерск
c68a34d9-7de4-42c8-98cd-b74c1cde85d2,Юридическое лицо,Нет,Да,Да,Дизель,88,106,7,6548,д. Кедровый
6748d296-8f1c-4280-b244-2048640acbbc,Физическое лицо,Да,Да,Нет,Бензин,69,47,2,3048,д. Пермь
e111ac38-8855-4412-acba-10ef06251ee3,Физическое лицо,Да,Нет,Нет,Дизель,51,44,5,3534,клх Токма
129b1f38-f687-4f0b-b8db-a9f3757d6ca7,Юридическое лицо,Нет,Да,Да,Дизель,108,76,19,9364,п. Баргузин
c0e6474f-b95e-4350-a6e9-4fe9e68a2c34,Юридическое лицо,Нет,Да,Да,Газ,95,114,6,14545,с. Улан-Удэ
21b99c74-f937-4c45-b45b-812d8ff81722,Физическое лицо,Нет,Да,Нет,Бензин,55,36,8,2220,с. Ангарск
f5b488e6-d56d-4519-8e08-21ab95511e94,Физическое лицо,Да,Да,Нет,Бензин,51,22,7,2437,с. Арзамас
f771e90e-87ae-4724-9755-ebb2217119a6,Юридическое лицо,Нет,Да,Да,Газ,101,94,9,5880,п. Малоярославец
ce756c42-0288-4b99-a061-e41a931673df,Физическое лицо,Да,Да,Нет,Дизель,47,45,2,2649,ст. Ярославль
ff5bd45d-902d-4bb6-8860-072a2506b829,Физическое лицо,Да,Нет,Нет,Дизель,51,38,8,1788,к. Кунгур
d9b3eb32-d146-408e-8ce6-217264107477,Физическое лицо,Да,Нет,Нет,Бензин,69,23,10,3479,с. Серов
f03cc3cf-2ab9-4077-9e6b-b193c6009f9c,Физическое лицо,Да,Нет,Нет,Бензин,47,40,6,3099,к. Шамары
6adddea9-ab8f-4781-8db3-4b3cd2a33719,Юридическое лицо,Нет,Да,Да,Бензин,117,103,14,10291,г. Цимлянск
897e585f-4f9c-413e-a815-d07aac71dfd0,Физическое лицо,Да,Нет,Нет,Бензин,51,25,5,2770,с. Хабаровск
507756c1-9e95-48df-b46e-e47cdf0c1d0b,Физическое лицо,Да,Нет,Нет,Дизель,44,36,5,2066,клх Кущевская
73ca80b6-a572-4d3f-963e-ec73fb9ffb74,Физическое лицо,Нет,Нет,Нет,Бензин,46,46,10,2158,г. Игнашино
1526b0a8-de09-408b-bf14-ff2795388558,Юридическое лицо,Нет,Да,Да,Дизель,92,103,15,10214,клх Мончегорск
ed3ead84-6814-45bf-a134-a8a5f5d50a28,Физическое лицо,Да,Нет,Нет,Бензин,69,44,4,2632,клх Павловская
f6c9f4e5-67ed-4925-92d4-67c9e2f3fda2,Физическое лицо,Нет,Нет,Нет,Бензин,40,24,4,2448,п. Ханты-Мансийск
44698441-25d4-4ddf-b86f-f1475ef0e8ac,Физическое лицо,Да,Нет,Нет,Бензин,41,41,2,3060,г. Мытищи
43526e84-b094-4609-979c-5eea14d8f6fc,Физическое лицо,Нет,Да,Нет,Дизель,57,25,10,1727,с. Новокузнецк
012d0a89-6b58-4ab4-9ba3-d2cb2a69b592,Физическое лицо,Да,Нет,Нет,Бензин,43,24,4,3960,г. Городовиковск
1e6d938b-daf4-4d53-8326-c4d8e7fc501f,Физическое лицо,Да,Нет,Нет,Бензин,44,23,3,2920,к. Череповец
35730e23-18a5-48a7-a178-97bb5580bd7e,Физическое лицо,Да,Нет,Нет,Дизель,55,34,7,3244,п. Вуктыл
69180457-4475-4da5-a1d3-8a285d059a68,Физическое лицо,Да,Нет,Нет,Бензин,45,25,10,2890,д. Новороссийск
308d75ec-74bf-4823-9ccf-9bb8e2906395,Физическое лицо,Да,Нет,Нет,Дизель,62,29,5,3619,г. Алдан
71c0ffc3-5537-4781-8ecf-5afa59ea56db,Физическое лицо,Да,Нет,Нет,Бензин,65,50,10,3510,ст. Абинск
3ff39f23-0e79-4a77-8a83-8f916f20c9ae,Физическое лицо,Нет,Нет,Нет,Дизель,62,22,2,3767,д. Калевала
fe1c632a-1f7e-478e-9043-6fba51ae6a8d,Физическое лицо,Нет,Нет,Нет,Бензин,59,28,10,3300,клх Курильск
08a735a4-cce7-4cce-9268-f46233bfe810,Физическое лицо,Нет,Нет,Нет,Бензин,61,40,3,1800,клх Грозный
7d162445-1bc6-4be2-9abf-5b690cc7f239,Физическое лицо,Нет,Нет,Нет,Дизель,48,23,7,3234,д. Малая Вишера
23b3ccda-67cb-4c82-a421-e194dadaa230,Физическое лицо,Да,Нет,Нет,Бензин,56,39,10,2229,г. Анива
6d037bf5-d25a-4697-ae2d-9cda491a5479,Физическое лицо,Да,Нет,Нет,Бензин,49,22,2,3742,г. Красноселькуп
c56e4059-9453-40ee-9da3-ff02b0f748a1,Физическое лицо,Да,Нет,Нет,Бензин,47,43,5,3015,с. Александров
e156a3e7-730e-4160-bd42-6258dfd0f001,Физическое лицо,Нет,Да,Нет,Дизель,47,22,9,3476,г. Долинск
7a22e07e-71a2-4376-a29f-a76b9864c421,Юридическое лицо,Нет,Да,Да,Бензин,147,86,19,5024,ст. Сухиничи
286d7a0e-50bc-4483-a893-45f17afbc31b,Юридическое лицо,Нет,Да,Да,Дизель,105,76,10,12097,ст. Хасавюрт
54edffb8-75de-4ec0-a899-8426933db208,Физическое лицо,Да,Нет,Нет,Бензин,62,30,9,3209,с. Токсово
12c2fee7-d072-42b2-96ed-b39b890cebe5,Физическое лицо,Да,Нет,Нет,Бензин,65,46,10,3108,д. Губкин
1335899a-f89c-4c4b-a62e-ca4a493ee8f8,Юридическое лицо,Нет,Да,Да,Газ,93,90,15,13521,с. Ербогачен
743507c4-06f8-4d2c-a0fe-053227711169,Физическое лицо,Да,Нет,Нет,Бензин,49,37,10,3015,ст. Шатки
2c8e8ccd-5746-43ee-9e46-cc7021a7f6e4,Физическое лицо,Да,Нет,Нет,Бензин,64,26,6,3215,клх Усть-Кулом
829d1d98-b4fd-4708-a991-895541dfef91,Физическое лицо,Нет,Нет,Нет,Бензин,50,37,6,2855,с. Кашира
1129ab2a-e9a5-4b06-af28-0509431b4f2f,Юридическое лицо,Нет,Да,Да,Газ,96,95,9,13892,п. Луховицы
df26cf5c-d079-49bd-9961-f0f9e6fd70c0,Юридическое лицо,Нет,Да,Да,Дизель,85,96,17,6275,г. Буйнакск
6c0eabb1-db71-4fef-a0a3-7bca1cdeb764,Физическое лицо,Да,Нет,Нет,Бензин,53,24,2,1871,г. Красновишерск
f00b637f-754e-4367-a25b-8ec8227672cd,Физическое лицо,Да,Нет,Нет,Бензин,44,23,10,2273,д. Чикола
860f6960-0445-4077-85ba-9b11425486a0,Физическое лицо,Да,Нет,Нет,Дизель,50,38,7,2260,к. Шатура
543f6593-be2e-43c9-bb1b-9517834fcaff,Физическое лицо,Да,Да,Нет,Бензин,63,36,9,3914,п. Любань
ce116120-2e32-4772-bc2b-89811a179da4,Физическое лицо,Нет,Нет,Нет,Дизель,49,48,7,1585,ст. Верхотурье
3f852e6c-e36c-48bb-91ac-fef32aa7f797,Физическое лицо,Нет,Нет,Нет,Бензин,47,27,3,3754,клх Майкоп
b57fac4b-86bf-4c71-a6e6-c28ca2727e42,Физическое лицо,Да,Нет,Нет,Бензин,64,25,10,2486,ст. Кырен
41ddfaba-8b78-4683-aaab-69dc104bc43e,Физическое лицо,Нет,Нет,Нет,Дизель,53,47,2,2267,д. Туруханск
f161a7ca-9419-48ad-b6b9-c301ae2e08c3,Юридическое лицо,Нет,Да,Да,Бензин,120,89,12,9947,клх Рославль
1d8a48da-f116-4509-aa51-648887c34c3d,Физическое лицо,Да,Да,Нет,Дизель,68,39,3,3863,к. Домбай
f39aa575-4b4f-4fa2-b66e-14555bcd2dca,Юридическое лицо,Нет,Да,Да,Газ,143,110,14,5870,ст. Неплюевка
f20383b5-bfb3-4682-afda-d6d53e1c69af,Физическое лицо,Да,Да,Нет,Бензин,48,49,9,3586,к. Архангельск
a765a962-20f6-42f6-a47f-bd32b8c1e535,Юридическое лицо,Нет,Да,Да,Газ,140,92,9,8661,с. Листвянка (Иркут.)
21f83229-fe56-4e2d-ba78-a9fbc8969ffb,Юридическое лицо,Нет,Да,Да,Газ,147,80,19,7309,клх Сосьва (Хант.)
a5713454-2312-4d76-921c-728c7b9d4fd2,Юридическое лицо,Нет,Да,Да,Газ,130,94,9,11451,клх Тура
415dafaa-2f49-42e4-bdb6-2a90abac3622,Физическое лицо,Нет,Нет,Нет,Бензин,62,20,2,2658,клх Сладково
f6b7a9fe-f774-46cd-aaab-8e94d3d37ce5,Физическое лицо,Да,Нет,Нет,Бензин,68,20,2,1723,д. Саров (Морд.)
020cef89-5c5f-4111-bc5e-529f8601c958,Физическое лицо,Нет,Нет,Нет,Бензин,60,48,5,2950,г. Приозерск
942766f4-ae1c-428e-80d0-4ab70b180a3c,Физическое лицо,Да,Да,Нет,Бензин,46,39,10,3162,к. Каменск-Шахтинский
c7c6e598-a908-4219-b028-8efa7bce5e1a,Физическое лицо,Да,Нет,Нет,Дизель,55,26,4,2390,с. Змеиногорск
9e3c2684-0e6e-465d-98e4-eadb3eea27d3,Физическое лицо,Да,Нет,Нет,Дизель,65,29,5,3504,п. Йошкар-Ола
d9d8aecf-82be-497c-9719-464c9b8aadd4,Физическое лицо,Нет,Нет,Нет,Бензин,47,50,7,1525,к. Абинск
ff7bf94a-8d64-4987-b0c3-a9d381b072b9,Юридическое лицо,Нет,Да,Да,Дизель,149,78,14,12351,г. Рыбинск
c949b226-57c2-448a-9d45-529ec4413c82,Физическое лицо,Нет,Нет,Нет,Бензин,41,44,8,1697,д. Воткинск
ca15bf7c-8327-4ee0-a117-b14e4381ad20,Физическое лицо,Нет,Нет,Нет,Бензин,53,31,2,3077,г. Серпухов
39928e85-b831-445a-bb9f-6625da588edd,Физическое лицо,Да,Нет,Нет,Бензин,58,42,6,1979,клх Ардон
64bf807b-11ad-469f-8302-d05f17f3de9a,Физическое лицо,Да,Нет,Нет,Бензин,58,37,5,2278,п. Дагомыс
5797c45b-e73b-4ca5-8d72-c15ad5937254,Физическое лицо,Да,Нет,Нет,Бензин,51,38,2,2004,с. Верхотурье
2aa30709-f0da-4f61-8112-58c7d8b3b67c,Физическое лицо,Да,Нет,Нет,Дизель,53,42,10,3976,д. Нальчик
eb0e5946-f7c2-4081-9adc-dda67e2c7952,Физическое лицо,Нет,Нет,Нет,Бензин,60,23,6,2142,клх Октябрьское (Хант.)
4933419c-2ea5-4017-b7db-cd6ac26225d7,Физическое лицо,Да,Нет,Нет,Бензин,42,33,9,2253,г. Ишим
32fa8190-e64c-4bb0-bef0-72ce80a2bba7,Физическое лицо,Да,Да,Нет,Дизель,63,25,7,3445,с. Мичуринск
12df1cdc-08dc-4cf6-8a7b-c5fd2e85d913,Физическое лицо,Да,Нет,Нет,Дизель,44,47,4,2309,к. Темрюк
eb06b1fb-8cfa-45a4-b7e1-c36785ed5aca,Физическое лицо,Да,Нет,Нет,Дизель,48,37,8,2082,г. Середниково
86efb376-aab4-4251-9e58-106037b547da,Юридическое лицо,Нет,Да,Да,Дизель,107,88,14,9603,ст. Корсаков
ca925b87-5ca4-4a36-8e40-a166159d8f06,Физическое лицо,Да,Нет,Нет,Дизель,54,27,4,1932,с. Лазаревское
abe48c19-da25-47ef-8ab6-b95339261d26,Физическое лицо,Да,Да,Нет,Бензин,41,21,8,2957,клх Шадринск
12e851b0-1379-45d9-aa46-0609355c9385,Юридическое лицо,Нет,Да,Да,Дизель,145,101,18,5113,п. Лесной (Сверд.)
f952783d-a221-4bfe-8e8b-b1f9ca8796af,Физическое лицо,Нет,Нет,Нет,Дизель,56,49,10,3140,ст. Черняховск
a7ce702a-5231-4b6a-b335-f97a2ef10e79,Физическое лицо,Да,Нет,Нет,Дизель,45,50,3,2422,с. Обнинск
957cfdc0-eab5-460f-a8ee-dd6deb5aead9,Юридическое лицо,Нет,Да,Да,Газ,110,91,15,8802,п. Усолье Сибирское
210c1cd0-452f-4db5-8e45-259cc3c26e67,Юридическое лицо,Нет,Да,Да,Дизель,111,97,12,10595,к. Пушкин
da32313c-7159-45d2-a493-1074970633b2,Физическое лицо,Нет,Нет,Нет,Бензин,61,33,4,3121,ст. Асино
81e3d80c-8e3a-4089-b025-d0dbbf04f934,Физическое лицо,Да,Нет,Нет,Бензин,56,28,9,2515,ст. Стерлитамак
c0fd1d69-9cb4-4784-94af-893abab46e17,Физическое лицо,Да,Да,Нет,Дизель,44,33,6,2223,д. Беслан
a5362da8-11e2-4646-b7e0-2fd6a2290fa2,Юридическое лицо,Нет,Да,Да,Дизель,108,110,19,14337,г. Быково (метеост.)
9ea0a2fa-bffc-45bc-b701-a606e6bd7c2c,Физическое лицо,Нет,Да,Нет,Бензин,57,21,5,1518,с. Арсеньев
7934e49f-731a-4611-8f52-3676c83891a9,Физическое лицо,Нет,Нет,Нет,Бензин,56,26,10,2049,с. Лысьва
ecaef67a-879c-4d0f-aaae-748d6fedd6b5,Физическое лицо,Да,Да,Нет,Дизель,42,34,10,1920,ст. Якутск
7de5c9b7-bd02-4b6b-97b0-e8b889a6f414,Физическое лицо,Да,Нет,Нет,Бензин,65,49,6,1984,ст. Невьянск
b890f6bf-bb27-4304-830e-bf80e3c47f8c,Юридическое лицо,Нет,Да,Да,Бензин,137,92,20,5614,ст. Красноселькуп
27e2dac9-722f-4a9d-b222-45497f1886e7,Физическое лицо,Да,Нет,Нет,Бензин,50,27,7,1631,п. Великие Луки
d5b5afd3-0458-4ba5-bba7-0d01d52e49c3,Физическое лицо,Да,Да,Нет,Бензин,65,27,4,2388,к. Костомукша
1493a551-f677-4eb0-bc38-b8ef65ace94e,Физическое лицо,Нет,Нет,Нет,Дизель,40,39,7,2121,ст. Сарапул
ba812baa-61c4-4fc2-a693-ab112abd1e27,Физическое лицо,Нет,Нет,Нет,Дизель,65,48,5,2830,д. Назрань
d4a0f910-356a-4b4b-84a1-c2b17383b50e,Физическое лицо,Да,Нет,Нет,Дизель,41,33,9,3719,к. Верещагино (Перм.)
602e299c-ec80-47c2-8544-886edff2aaa3,Юридическое лицо,Нет,Да,Да,Газ,90,94,12,11150,ст. Бузулук
f46f0ae4-d02e-4c89-903b-3988b3768f91,Физическое лицо,Нет,Нет,Нет,Бензин,63,22,6,3188,п. Диксон
e2d64f9a-9e5e-44f5-aae8-4d1a1d2063c8,Юридическое лицо,Нет,Да,Да,Дизель,112,79,14,14429,к. Комсомольск-на-Амуре
1c900892-09f8-4324-b5ad-91f990922fd8,Физическое лицо,Нет,Нет,Нет,Бензин,60,22,5,1828,г. Избербаш
9ac7b2bb-d532-44e3-89d5-71f0f4587fe7,Физическое лицо,Да,Нет,Нет,Дизель,59,34,7,2835,с. Бавлы
0e2ae395-a1d4-4eee-9883-56a3eba0b056,Физическое лицо,Да,Нет,Нет,Бензин,61,47,2,2983,к. Азов (Рост.)
1d0a7fd1-cd87-4c39-b44e-941ca5aa10c4,Физическое лицо,Да,Нет,Нет,Дизель,44,48,8,3247,ст. Балашиха
9532c157-a4bc-470f-8a62-0780c7bf8ad5,Физическое лицо,Да,Нет,Нет,Бензин,61,47,4,2475,к. Йошкар-Ола
3f8c3d2e-f362-4963-a8d7-805d3ea9ba85,Физическое лицо,Да,Нет,Нет,Дизель,45,34,2,3903,с. Лабытнанги
a6bd52c3-3ea7-4873-a91a-371a25fa727c,Физическое лицо,Да,Нет,Нет,Бензин,67,38,7,3185,клх Кырен
770e3e78-8629-49b3-9266-22a3601a2e20,Физическое лицо,Да,Нет,Нет,Бензин,65,50,10,2824,к. Прохладный
33a708c2-2bff-46d6-8423-ebbaf46672c9,Физическое лицо,Да,Нет,Нет,Дизель,55,21,6,2414,п. Казань
9694d369-65ce-4b52-ace7-f81c86228c9b,Физическое лицо,Нет,Нет,Нет,Бензин,64,42,10,2509,к. Соликамск
145d51f9-7735-4543-be75-e7db2a46bddd,Физическое лицо,Да,Нет,Нет,Бензин,48,32,2,1767,к. Кингисепп
587456c2-3966-4d74-af4e-cf098b4da4a7,Физическое лицо,Да,Нет,Нет,Бензин,49,31,7,1969,ст. Калининград
a3df1e3d-4492-4cf7-a44d-1affbe188ed7,Физическое лицо,Да,Нет,Нет,Дизель,53,22,5,3884,д. Осташков
6e8e5eeb-5599-49f2-bc27-889168ae43f5,Физическое лицо,Нет,Да,Нет,Бензин,41,46,3,3661,с. Апатиты
edd207e9-2394-4e75-816a-cc54717a7353,Физическое лицо,Да,Нет,Нет,Дизель,67,24,5,3022,п. Серафимович
6830c498-0e72-455d-948b-baff0fd8d4aa,Физическое лицо,Да,Нет,Нет,Бензин,56,49,10,2546,с. Биробиджан
f5797b33-3066-4718-b52f-1b1ee0249136,Физическое лицо,Нет,Да,Нет,Бензин,45,34,3,3990,ст. Апрелевка
86c2227e-497e-44ea-90e1-33e19f5b7eb7,Физическое лицо,Да,Нет,Нет,Бензин,44,44,6,1847,г. Новый Оскол
8152570f-723c-4cfa-a1d7-79367e7a0df8,Физическое лицо,Нет,Да,Нет,Дизель,56,32,6,3632,п. Белорецк
48a91488-3efb-4747-874c-c23cb2e571cc,Физическое лицо,Да,Нет,Нет,Дизель,62,25,7,3975,клх Курумкан
6b27c8e8-26b6-4f4c-a088-3abb3a07eb56,Физическое лицо,Да,Нет,Нет,Бензин,67,31,5,3809,д. Краснотурьинск
b5ef2d88-c9a7-442c-a73c-38ea5cc9114d,Физическое лицо,Да,Нет,Нет,Бензин,54,37,2,2318,д. Белогорск (Амур.)
9a33b45d-bb15-488f-8b48-5e9c628031e2,Физическое лицо,Нет,Да,Нет,Бензин,52,38,6,3491,с. Дивногорск
131bd439-66f7-4d2d-b406-a5f1bff3fc9f,Физическое лицо,Да,Нет,Нет,Дизель,48,32,10,3043,к. Осташков
255b2d2c-4a75-4324-82ef-c8cc7d8e1ce4,Юридическое лицо,Нет,Да,Да,Дизель,94,67,19,12785,г. Валаам
3c21e8a2-0f56-47ab-a134-58f5c3f535d9,Физическое лицо,Да,Нет,Нет,Дизель,55,35,4,2028,п. Балтийск
d47c738f-f1e8-4328-a221-56352f5b8551,Физическое лицо,Да,Нет,Нет,Дизель,62,25,8,2673,к. Анива
c2fc376e-3b07-40d6-8129-bd198120a5bf,Физическое лицо,Да,Нет,Нет,Бензин,47,31,4,1751,к. Кудымкар
488a013c-7fce-4357-b194-20a4e21e8a3d,Физическое лицо,Да,Нет,Нет,Дизель,70,20,10,1951,д. Кисловодск
48413244-04ea-4fa6-8a4e-9ab9d535fe8a,Юридическое лицо,Нет,Нет,Да,Газ,139,83,17,11878,п. Краснокамск
d0045dbe-da92-46bd-8aba-6a7a99221e14,Физическое лицо,Да,Нет,Нет,Бензин,59,40,10,2685,г. Махачкала
688ac506-9210-4349-ae4c-112009ca5e34,Физическое лицо,Да,Нет,Нет,Дизель,47,34,9,2341,п. Середниково
27b732f3-8824-46fd-9515-b41fb4dae430,Физическое лицо,Да,Да,Нет,Бензин,60,42,10,2419,д. Тарко-Сале
81940ae5-3de8-4df3-bbab-b49bb5bea2c0,Юридическое лицо,Нет,Да,Да,Газ,146,90,5,11040,с. Раменское
08b8b838-0672-46c7-84eb-48c2faa4cae0,Юридическое лицо,Нет,Да,Да,Дизель,112,81,10,5006,клх Андреаполь
c8f8636b-6476-483a-9509-b2082484782b,Физическое лицо,Да,Нет,Нет,Бензин,54,27,6,2671,д. Хоста
3eb6bafa-be7e-494f-b8f8-f17f769cea8e,Физическое лицо,Да,Нет,Нет,Дизель,65,26,8,1604,г. Кашира
782c04f2-6b75-4d69-be89-afaf0e6945ac,Юридическое лицо,Нет,Да,Да,Дизель,81,95,9,10292,к. Радужный
de79d615-b311-41ad-a9a3-94c6ab0dc659,Физическое лицо,Нет,Нет,Нет,Дизель,48,27,5,3057,с. Железногорск(Курск.)
4d46cf49-da75-4d75-a13b-e853b93a18a3,Физическое лицо,Да,Нет,Нет,Бензин,43,35,10,1634,ст. Каргасок
c5c0ec9c-cd5d-4bed-93df-bfd1d31d1729,Физическое лицо,Да,Нет,Нет,Дизель,65,47,8,2313,г. Апрелевка
13a6f81a-797a-42d3-a189-ab5e759c6452,Юридическое лицо,Нет,Да,Да,Дизель,137,75,19,10648,д. Катав-Ивановск
7dd461f3-ad38-4d93-9f18-a5573deb39ad,Физическое лицо,Да,Нет,Нет,Бензин,63,31,2,2195,г. Кулунда
76cf5dad-a1f9-4a78-a782-a32917daf78b,Физическое лицо,Да,Нет,Нет,Дизель,69,36,10,3195,клх Сладково
d6ad44b4-1e8d-49b6-bca4-6b6df002c87f,Физическое лицо,Да,Нет,Нет,Бензин,46,45,5,2602,клх Мичуринск
7f7c6d26-91d6-4b3d-8ee9-d0e9f7f04206,Физическое лицо,Да,Нет,Нет,Бензин,68,30,2,2694,п. Березники
fcf908d9-3007-4acf-af41-668b6ad2c64c,Физическое лицо,Нет,Нет,Нет,Дизель,47,28,2,1535,ст. Когалым
242a2f13-ca3f-4398-baff-0c06a0e901cb,Юридическое лицо,Нет,Да,Да,Дизель,82,117,19,8940,д. Осташков
a0b7193c-efc0-4a66-bcac-fe034a44a6d1,Физическое лицо,Нет,Нет,Нет,Бензин,62,42,6,1704,клх Комсомольск-на-Амуре
d8c75990-e054-4f8c-a856-f0ac0a0f3ee6,Юридическое лицо,Нет,Да,Да,Газ,82,82,10,13890,п. Сургут (Хант.)
c25ad38b-611c-4a08-88c9-f1da0495a887,Физическое лицо,Да,Нет,Нет,Бензин,41,23,3,1955,д. Оленегорск (Якут.)
1fee2423-3a82-4ea4-9b07-5d752f64632e,Физическое лицо,Да,Да,Нет,Дизель,52,32,2,3991,п. Йошкар-Ола
6447b702-fb15-4ca7-ae9a-73403eb34291,Физическое лицо,Нет,Нет,Нет,Бензин,46,40,6,3287,п. Щелково
2870ce86-dade-4372-ba93-1dfd485a6422,Юридическое лицо,Нет,Да,Да,Газ,95,115,14,6442,п. Тикси
8a4fe885-ceb2-47ac-a9a5-e82c116bcab8,Физическое лицо,Да,Нет,Нет,Бензин,49,33,2,1712,с. Углич
48d4b07d-090c-4773-97c7-0511d4aa573c,Физическое лицо,Нет,Нет,Нет,Бензин,54,45,4,3062,г. Таганрог
bc5c3c6a-9e25-4b66-9b17-f0b90be00a82,Юридическое лицо,Нет,Да,Да,Дизель,138,87,13,12604,клх Ростов-на-Дону
62211ad6-1e4b-4095-b04d-e52227e96c93,Физическое лицо,Нет,Да,Нет,Бензин,60,41,4,2328,с. Охотск
dd3d9087-1269-4ed4-8e7e-b04f22d7f176,Физическое лицо,Да,Нет,Нет,Бензин,49,32,7,3442,д. Байкальск
3e078cd7-87c6-4ea6-83bf-710a30e5691d,Физическое лицо,Нет,Нет,Нет,Бензин,56,42,6,3716,с. Горячий Ключ
150cc74a-6f93-415a-aca9-e81254c5bec8,Физическое лицо,Да,Нет,Нет,Дизель,58,24,2,2622,г. Уэлен
95340026-fb39-4f2f-90ad-4d6dd5ab827e,Физическое лицо,Да,Нет,Нет,Дизель,56,30,7,3481,д. Агинское (Забайк.)
c731eb4c-604d-42e9-a63b-3bfe7a5344d0,Физическое лицо,Да,Нет,Нет,Бензин,63,41,2,2732,ст. Нерчинск
4bb16d37-4bce-4fa0-9b6f-314a0011a0d1,Юридическое лицо,Нет,Да,Да,Дизель,81,63,11,12917,к. Томари
8b2a01a0-73aa-4a9f-acc9-619e47dff78c,Физическое лицо,Да,Нет,Нет,Бензин,49,28,7,2810,клх Приморско-Ахтарск
48223487-b1d1-431d-bf66-6e950be06dd6,Физическое лицо,Да,Нет,Нет,Дизель,40,22,5,2615,д. Воткинск
5e6f92f2-995c-489c-b44f-335784350de9,Физическое лицо,Да,Нет,Нет,Бензин,47,33,2,3678,п. Ишим
bc7df5ea-d2a0-4d5f-b8e2-429f7faea2af,Физическое лицо,Да,Нет,Нет,Бензин,67,41,3,1757,к. Красноуфимск
ba246da1-3305-49b2-9342-36eb059a6201,Физическое лицо,Да,Нет,Нет,Бензин,53,40,5,2363,г. Верхотурье
e72e26fe-1996-4e23-bf23-65517a41cc37,Физическое лицо,Да,Нет,Нет,Дизель,41,45,3,2335,п. Устюжна
58cd15bf-8520-45b8-84cd-a4a594370247,Физическое лицо,Да,Нет,Нет,Бензин,40,38,10,1559,г. Бреды
9e57b059-bf22-4160-ac1f-7209ed7bf84c,Физическое лицо,Да,Нет,Нет,Дизель,64,28,2,3458,клх Хасавюрт
64957f21-e1ab-461b-a912-c47454124edf,Физическое лицо,Да,Нет,Нет,Бензин,60,34,8,1549,д. Ярославль
b76ec240-4641-444d-b1ed-0384942aec31,Физическое лицо,Да,Да,Нет,Дизель,50,32,9,2943,г. Черкесск
5f96bc15-5128-481f-810d-4823fdd3425c,Юридическое лицо,Нет,Да,Да,Дизель,99,93,15,14348,г. Корсаков
d0add414-f920-4855-a800-a6ba1d8d0bf0,Физическое лицо,Да,Да,Нет,Бензин,48,29,8,1830,п. Иркутск
45c707e9-d277-48d8-b19f-c64b51be35a1,Физическое лицо,Нет,Нет,Нет,Бензин,56,21,10,2400,ст. Краснодар
fbdca077-ba93-4adb-bcd0-04e0e2759b3f,Юридическое лицо,Да,Да,Да,Газ,149,117,19,14684,д. Усмань
19e30509-2449-4bb4-817a-7c4e94d7b707,Юридическое лицо,Нет,Да,Да,Дизель,105,116,13,7279,к. Усмань
88d7363b-f5e1-46d7-8d0c-ea9a4d101ba9,Физическое лицо,Да,Нет,Нет,Бензин,67,40,8,2186,г. Кашхатау
3c795091-475d-4bda-ae16-39dc06266f88,Физическое лицо,Нет,Нет,Нет,Дизель,55,41,5,2007,ст. Воскресенск
8915cc9b-0738-42ce-af52-722737a13a35,Юридическое лицо,Нет,Да,Да,Газ,115,62,5,12786,п. Кисловодск
6c515038-ed92-4df7-ac8f-ea943d13ba40,Физическое лицо,Да,Нет,Нет,Дизель,60,49,2,2740,ст. Ершов
0fc7d71f-fb38-48ef-a812-aa81c37fe3c5,Физическое лицо,Да,Да,Нет,Дизель,49,38,9,2530,с. Асбест
a4035e95-dd81-4ff3-a724-9f199a495c21,Физическое лицо,Нет,Нет,Нет,Бензин,70,25,10,2486,г. Тольятти
1d7b0fc9-bdb8-4833-9f4a-b7e8167d7a02,Физическое лицо,Да,Нет,Нет,Бензин,68,31,6,2042,клх Вилюйск
66318c1d-96a0-4cfc-884e-8c843cf5b9d4,Физическое лицо,Нет,Нет,Нет,Дизель,40,26,7,2888,г. Тымовское
6a9a5450-b88c-4765-82ac-9908b9280def,Юридическое лицо,Нет,Да,Да,Газ,125,69,9,7782,г. Усть-Ишим
9492a455-e15e-4563-98d2-92f639daac46,Физическое лицо,Да,Нет,Нет,Бензин,40,30,8,2247,г. Озеры
f91f7b23-29d5-41b7-ae47-5796f11e6a01,Физическое лицо,Да,Нет,Нет,Дизель,45,37,3,2111,д. Воскресенск
8a919bcb-8eda-445d-8c8c-288a9dcf943a,Физическое лицо,Да,Нет,Нет,Бензин,51,41,9,2888,г. Усть-Камчатск
8f9b90e5-f994-404f-b990-ebba58b8fb42,Физическое лицо,Нет,Нет,Нет,Бензин,60,50,4,3463,ст. Лотошино
5a78be5c-ee1c-48f2-bdfd-d4a6f5e17c50,Физическое лицо,Да,Нет,Нет,Бензин,40,25,4,3595,ст. Губкинский
b3dca797-d509-4c42-94ce-41cbfbecdab5,Физическое лицо,Да,Нет,Нет,Дизель,56,34,7,2953,д. Каменск-Шахтинский
74e84f94-00f2-4ed6-afc6-7947c37c1e83,Физическое лицо,Да,Нет,Нет,Бензин,62,41,4,1524,г. Енисейск
32cacb5e-ecff-4c9a-a911-897b078ed40a,Физическое лицо,Нет,Да,Нет,Бензин,46,39,9,3344,клх Красновишерск
fbe525bd-6aee-4fe7-9266-94a067df7843,Юридическое лицо,Нет,Да,Да,Газ,103,116,13,11189,д. Павловский Посад
b2f61cf5-b65b-4fef-9e07-b4c137e19937,Физическое лицо,Нет,Нет,Нет,Бензин,63,34,6,2144,с. Петухово
d70eac94-6f45-40bf-ac9d-76a75e36c939,Физическое лицо,Да,Да,Нет,Бензин,44,39,6,2136,д. Колпашево
e6adfe60-62da-4436-a5cb-5d852dedcbbb,Физическое лицо,Да,Да,Нет,Бензин,49,46,6,3701,к. Углегорск
1cdddf38-7d33-4f24-a1df-c2090c91e782,Физическое лицо,Да,Да,Нет,Бензин,48,37,7,1713,п. Томари
4c6b0d37-3c75-4d2e-a2fd-f3fd230e3024,Физическое лицо,Да,Нет,Нет,Бензин,53,23,10,2569,с. Невинномысск
24c0d216-244a-4e1f-8242-9b13b6b36017,Физическое лицо,Да,Нет,Нет,Бензин,41,23,7,3591,ст. Макушино
dbc7b3fe-57f8-4093-890e-8653f0dcbed9,Физическое лицо,Да,Нет,Нет,Бензин,40,46,2,3722,с. Павловская
723610fd-eebd-440a-beb9-36abce9b2a1d,Физическое лицо,Да,Нет,Нет,Бензин,53,29,8,2805,п. Междуреченский
de9a0691-4812-40c6-95f4-e3e1a06f47a8,Физическое лицо,Нет,Нет,Нет,Бензин,63,42,8,2252,клх Североуральск
991dca25-3de2-4ead-8cb7-2dddaa701305,Физическое лицо,Да,Нет,Нет,Бензин,55,27,10,2415,д. Кедровый
b499c610-ee62-46cd-9fa5-249feb3c12e1,Физическое лицо,Да,Нет,Нет,Бензин,50,25,4,1596,ст. Кашира
da76549e-3bd3-4bea-9c5e-6930d0968bdb,Физическое лицо,Нет,Нет,Нет,Дизель,68,41,10,3613,к. Черняховск
97a42675-d1ce-465d-9359-518fe78d0dc0,Физическое лицо,Нет,Нет,Нет,Дизель,56,27,10,2365,с. Цимлянск
fa93decb-af15-45b8-8e2d-19fcff9f47bc,Физическое лицо,Да,Нет,Нет,Дизель,42,41,10,2138,ст. Барнаул
123e78b6-1e9d-4704-b29b-362f21fb0412,Физическое лицо,Да,Нет,Нет,Бензин,53,30,4,1663,ст. Октябрьский (Башк.)
15438bec-ed17-4188-981a-29c5a332d668,Физическое лицо,Нет,Нет,Нет,Дизель,62,42,6,3784,п. Минеральные Воды
08e4efe4-7873-4be8-af15-51efba84b67e,Физическое лицо,Да,Да,Нет,Бензин,68,32,2,2683,г. Нижнеудинск
ad8f0bbb-5605-4fc2-b3ce-e0e17ac72513,Физическое лицо,Нет,Нет,Нет,Бензин,54,41,9,2414,ст. Каменномостский
c2b599ad-d26e-4e5b-80cd-66985d46ed62,Физическое лицо,Да,Да,Нет,Дизель,40,42,10,2917,д. Калач
1a86d0e3-e9ee-4c9a-96db-52e0556c8388,Физическое лицо,Нет,Нет,Нет,Дизель,63,36,4,1950,г. Ханты-Мансийск
8df5a8ea-7501-4c03-a6bf-887068dc682f,Физическое лицо,Да,Нет,Нет,Бензин,65,36,3,2040,клх Урай
3a696231-84bb-4d9c-84d9-c921ee9a4192,Физическое лицо,Да,Нет,Нет,Бензин,46,32,3,2391,п. Мыс Шмидта
6cd6e39c-2402-43ea-967c-6b992f54bd52,Физическое лицо,Да,Нет,Нет,Дизель,42,20,3,3341,с. Кемерово
8cea9156-84b9-46c9-a453-0f852e3f3d45,Юридическое лицо,Нет,Да,Да,Бензин,149,68,18,12888,д. Дивногорск
47f5ffae-9ec1-4cb2-9df7-2ee80323bb4a,Юридическое лицо,Нет,Да,Да,Газ,91,66,19,11391,клх Сосновый Бор
a99ad9f7-ae17-4d57-8395-71f45617cf36,Физическое лицо,Нет,Нет,Нет,Бензин,41,28,6,3374,д. Ступино
2b56c6a6-9964-4b83-8685-abdaa528b3ea,Физическое лицо,Да,Нет,Нет,Бензин,64,32,3,2824,к. Алдан
b7868086-3947-4451-b93e-d96ce58694bd,Юридическое лицо,Нет,Да,Да,Дизель,86,68,7,12971,ст. Пышма
a95781eb-efe3-4e1d-9b97-a87c401ebd57,Физическое лицо,Да,Нет,Нет,Бензин,57,43,9,1724,с. Глазов
bedd488e-beba-48f1-a2d9-d702871b67ab,Физическое лицо,Да,Нет,Нет,Бензин,45,35,10,2735,ст. Каргасок
df3500e9-b010-4457-b4b1-678655b55f9b,Физическое лицо,Да,Нет,Нет,Бензин,42,28,9,2478,клх Хужир
5d39b668-a6ea-4bed-bdf3-af250a2e894e,Юридическое лицо,Нет,Да,Да,Газ,114,86,5,5282,г. Холмогоры
c5ffa178-6d5a-489e-b57b-7c69db6d20ea,Физическое лицо,Нет,Да,Нет,Дизель,69,21,2,2911,г. Кыштым
acfd64e6-c99c-43bf-9849-ab5da76d3463,Физическое лицо,Да,Нет,Нет,Бензин,70,47,3,2368,д. Шамары
407becf3-ba0d-4c51-80a8-d4849065f1e8,Физическое лицо,Нет,Нет,Нет,Дизель,54,34,3,3966,клх Углич
84f146e5-9e30-491d-9526-55f522adf4ef,Физическое лицо,Нет,Нет,Нет,Дизель,53,24,8,2409,к. Котлас
f34f7e34-6320-4430-a1b3-0450b26bbb35,Физическое лицо,Да,Нет,Нет,Дизель,42,26,4,3461,ст. Учалы
625886fe-2d1b-4539-9412-1d1841c6b33f,Физическое лицо,Да,Нет,Нет,Дизель,51,50,5,2900,г. Геленджик
b200263c-c8e6-480b-af6f-94112db12b33,Физическое лицо,Да,Нет,Нет,Бензин,51,25,9,1969,г. Аша
2d55954b-c4f5-4dd9-957e-84b67fc2a2b2,Юридическое лицо,Нет,Да,Да,Дизель,84,83,11,11879,п. Черемхово
eb106dbd-96be-495e-8974-c45d83a501a1,Юридическое лицо,Нет,Да,Да,Газ,127,61,18,11469,г. Байкальск
f9024f36-60fb-42d8-a37e-1711b072685d,Физическое лицо,Да,Нет,Нет,Дизель,48,47,5,2137,д. Гагарин
88bfae87-fefc-489f-8812-81bbc4e08c99,Физическое лицо,Да,Нет,Нет,Бензин,60,46,2,3644,п. Партизанск
b551b020-9f88-49c0-bdf6-bea17625b49e,Физическое лицо,Нет,Нет,Нет,Бензин,65,29,9,2676,г. Рославль
7fa09bc6-a2cc-4031-8871-cd0c1241a754,Физическое лицо,Да,Нет,Нет,Бензин,42,35,6,1697,к. Курганинск
d6259eb1-134d-4cf4-a813-96796897ffb0,Физическое лицо,Да,Нет,Нет,Дизель,47,21,6,3194,п. Ясный (Оренб.)
9be693b3-277a-4aa3-ae99-00ebd8c39ea3,Физическое лицо,Нет,Да,Нет,Дизель,63,33,10,2548,к. Сеймчан
28a6e855-455e-4456-a70a-e59874314a4f,Физическое лицо,Нет,Да,Нет,Бензин,62,41,9,2644,г. Белогорск (Амур.)
539b02c2-decb-4e90-8a49-0aa9023442c1,Физическое лицо,Нет,Нет,Нет,Бензин,57,21,9,2386,ст. Хасавюрт
171cc928-e2a9-4bb4-9843-7c03f9ceda96,Физическое лицо,Нет,Нет,Нет,Бензин,63,30,5,2841,г. Нижневартовск
08b7f8be-1a7a-4db4-93c8-e5305d34f7f6,Физическое лицо,Да,Нет,Нет,Бензин,59,42,3,3888,д. Уфа
9234c544-c9c9-49d5-aab0-ee197d9309d3,Физическое лицо,Да,Нет,Нет,Бензин,52,36,9,3968,к. Домбай
53792dfa-61a4-4cba-ab52-f6e635783a10,Юридическое лицо,Нет,Да,Да,Дизель,101,87,18,5559,г. Архангельск
07a264f8-682f-4f17-aeb5-350fb2ab187f,Физическое лицо,Да,Нет,Нет,Дизель,41,24,7,2324,к. Октябрьское (Хант.)
ed28790e-92f1-408a-aad6-6d10bf711a47,Физическое лицо,Да,Нет,Нет,Бензин,44,40,8,2177,п. Усть-Илимск
4b0519d2-af3a-406a-abb2-8e5f333d0f3b,Физическое лицо,Да,Нет,Нет,Дизель,47,31,7,2701,п. Дербент
e13270c8-82e8-4c9b-874f-7f00952f8b4e,Физическое лицо,Да,Нет,Нет,Дизель,63,22,8,2292,г. Мезень
96514096-e21e-4935-a64d-8a5bfa21ee34,Физическое лицо,Нет,Да,Нет,Бензин,54,32,4,3118,п. Токсово
e808f0ad-ebe9-4bab-874c-64e8f6a1da6c,Физическое лицо,Да,Нет,Нет,Бензин,43,25,4,2101,с. Ставрополь
fe6fefdf-a059-46e2-a170-33356be1754c,Физическое лицо,Нет,Нет,Нет,Бензин,45,34,4,3264,клх Усть-Джегута
60adda95-7276-4cfa-9073-f60b4e1aace2,Физическое лицо,Да,Нет,Нет,Дизель,60,44,8,2988,клх Ангарск
8dc81a17-78c8-4fd4-a778-1311a65717e7,Физическое лицо,Да,Да,Нет,Дизель,46,45,7,1749,п. Астрахань
803b059a-9942-47b9-b218-8ef7f26c7724,Юридическое лицо,Нет,Да,Да,Бензин,118,69,19,11145,г. Пышма
68bcb26c-80b0-41a6-ac1c-6f70b896e77b,Юридическое лицо,Да,Да,Да,Дизель,140,113,11,12490,с. Сосногорск
b501cbf8-79e1-453c-976a-2ec0319cb6b5,Юридическое лицо,Нет,Да,Да,Газ,146,88,11,13257,клх Моздок
6eb8b59c-2f39-4b97-aba6-c0f604916019,Юридическое лицо,Нет,Да,Да,Дизель,87,94,5,10239,клх Ямбург
0bd33f63-4c1c-4fdb-985f-569953d68430,Физическое лицо,Да,Нет,Нет,Бензин,54,20,4,2892,г. Агата
c348ce59-083e-4de9-a2bf-3118712f9a0b,Юридическое лицо,Нет,Да,Да,Газ,138,65,17,5738,д. Рубцовск
6cdcce1b-e431-4581-9c9d-720c25c516b9,Физическое лицо,Да,Да,Нет,Бензин,68,45,4,3470,д. Моршанск
06cba175-6532-4873-af99-c2179ca91d7e,Физическое лицо,Нет,Нет,Нет,Дизель,49,28,9,1632,г. Мелеуз
b9f174d6-7a7e-42cf-8b0c-664dfbb1d78e,Физическое лицо,Нет,Нет,Нет,Бензин,47,42,8,1856,клх Корсаков
e5024c5b-904c-4ff3-b4ba-9e8153ab9b21,Физическое лицо,Да,Нет,Нет,Бензин,62,50,2,3044,д. Дагомыс
542efb4a-51bd-4a4a-b840-3603f6739a60,Физическое лицо,Да,Нет,Нет,Дизель,70,28,10,1671,г. Арзамас
5daa7251-9fad-4b10-bf45-8acb7fc78d47,Юридическое лицо,Нет,Да,Да,Дизель,94,63,5,9248,г. Оха
13b9b9a6-115c-4dc7-a648-8b88935f7a21,Физическое лицо,Да,Нет,Нет,Дизель,66,37,7,3893,ст. Ревда (Сверд.)
647af021-b28a-47b3-8754-34035200edd4,Физическое лицо,Да,Нет,Нет,Бензин,49,45,9,2010,ст. Красноселькуп
859b164d-b9d8-4211-91ff-eb42aaff581d,Физическое лицо,Нет,Нет,Нет,Дизель,55,50,7,2034,к. Йошкар-Ола
824eb73e-faf9-421a-bff2-c2654f3da658,Физическое лицо,Да,Нет,Нет,Бензин,59,35,9,2593,г. Тутончаны
f073957a-2b25-40a0-b7e2-a76adbaa7f75,Юридическое лицо,Нет,Да,Да,Дизель,96,68,17,10450,п. Балашов
b3d9072e-5a3c-4348-937c-7e103657e0f9,Физическое лицо,Нет,Нет,Нет,Дизель,52,43,4,2949,клх Калуга
5d9a7d07-43a5-4d16-a93b-d6729aca7af7,Физическое лицо,Да,Нет,Нет,Дизель,63,43,8,3803,к. Сорочинск
df09ea89-1b2b-4608-8b36-d73c8d33e325,Юридическое лицо,Нет,Да,Да,Бензин,128,79,20,10948,д. Костомукша
7b25a126-0f29-4685-aa68-841ea3a691e8,Физическое лицо,Да,Нет,Нет,Дизель,40,20,8,2931,д. Волоколамск
e1e2a39e-2f8f-4823-a291-5b9d1f5634bc,Юридическое лицо,Нет,Да,Да,Дизель,115,106,5,10053,д. Усть-Камчатск
b2a30af0-3afb-4100-941e-5b2f9fea9075,Юридическое лицо,Да,Да,Да,Газ,98,104,19,7204,г. Новгород Великий
b42ae083-0547-4338-93fc-f9dc3f94baf4,Физическое лицо,Нет,Нет,Нет,Бензин,59,25,3,3210,ст. Лодейное Поле
fc8585c3-32fa-4d6c-9dc0-3218413427d3,Физическое лицо,Нет,Нет,Нет,Бензин,43,25,5,3037,г. Ребриха
f6d130d5-97a9-4b64-b947-93c5345c371f,Физическое лицо,Нет,Нет,Нет,Дизель,66,23,10,2751,г. Талдом
c190c96f-9e13-441f-bdb8-7d43baaf317d,Физическое лицо,Нет,Нет,Нет,Дизель,50,20,5,2956,д. Аша
fd462c7a-a54c-4ab8-abf2-0f7bf148d590,Физическое лицо,Да,Да,Нет,Дизель,59,22,8,1815,клх Тверь
5d5fec52-a7d5-4144-8d4d-bcc0d045fe8f,Физическое лицо,Да,Нет,Нет,Бензин,55,39,5,3685,клх Петрозаводск
71645e29-0bfc-4f79-adf6-d1011314a69a,Физическое лицо,Нет,Нет,Нет,Дизель,60,46,9,2991,г. Ревда (Сверд.)
a05c9c27-ef4f-4aca-bea1-4931217a03d4,Физическое лицо,Да,Нет,Нет,Бензин,54,27,6,2965,п. Чегем
01a65582-eaae-4923-9d93-3d1dbf96ce19,Физическое лицо,Да,Нет,Нет,Бензин,67,43,8,2432,ст. Киржач
39101b5b-00af-4bdb-821c-7bf521e711ca,Физическое лицо,Да,Нет,Нет,Бензин,48,41,5,3111,п. Рубцовск
ffaa0faa-e403-47f8-966e-28701360dcec,Юридическое лицо,Нет,Да,Да,Газ,101,110,13,8938,п. Корсаков
06e28cef-b409-4d9a-b3ca-c4c95fa48436,Юридическое лицо,Нет,Да,Да,Дизель,109,78,6,10568,п. Киржач
8627b5df-fda8-459b-8bce-d7147ca938e0,Юридическое лицо,Нет,Да,Да,Газ,112,65,16,11162,ст. Тамбей
f3877bc1-a632-445a-87df-a70e0b146c8e,Физическое лицо,Да,Нет,Нет,Бензин,48,40,10,3256,к. Алапаевск
1a94b7ad-f03b-498e-b3b0-e7b4abeb1a0b,Физическое лицо,Да,Нет,Нет,Бензин,68,26,3,2035,клх Уренгой
1fe96837-28d5-45b6-bfee-877cd544110a,Юридическое лицо,Нет,Да,Да,Дизель,144,95,17,13324,к. Ковров
4b859f23-f73f-48dc-a2e8-5d8d034530bd,Физическое лицо,Да,Нет,Нет,Дизель,51,38,9,3974,г. Ясный (Оренб.)
f24bb2fa-2ecc-4d90-b334-adf2935868d7,Физическое лицо,Да,Нет,Нет,Бензин,48,49,2,2327,клх Уренгой
0f259ff6-506b-4d4f-b6c2-ab493069265c,Физическое лицо,Да,Нет,Нет,Бензин,47,41,2,1855,д. Уренгой
061fa768-c22d-4f47-a003-a78e918ffeff,Физическое лицо,Да,Нет,Нет,Бензин,59,26,4,2710,клх Шенкурск
e2dc804d-a296-4cca-afaf-b7d4c197416d,Физическое лицо,Нет,Нет,Нет,Бензин,51,25,3,1502,д. Щелково
b8f15492-d4a7-4088-8841-3bb0057162aa,Физическое лицо,Да,Нет,Нет,Бензин,45,24,4,2222,ст. Самара
a644f348-cf5a-4c59-884f-b9a19bf3919b,Физическое лицо,Да,Нет,Нет,Дизель,42,21,5,2693,клх Бавлы
d5283af7-003e-49f3-bc8b-41d25b6bdd39,Физическое лицо,Да,Нет,Нет,Бензин,65,47,8,1954,с. Оленек
e5216bf5-cbb3-4f9b-a186-c81c8e07858d,Физическое лицо,Да,Нет,Нет,Бензин,60,48,6,3111,г. Шерегеш
6378cd79-e3c2-407a-bab7-582dafb6b3fc,Физическое лицо,Нет,Нет,Нет,Бензин,43,33,3,2156,с. Верещагино (Перм.)
3611d286-67b7-4328-8543-60cf5cf1699b,Физическое лицо,Да,Нет,Нет,Бензин,49,35,9,3417,д. Белоярский
52e734c2-ef02-4ab5-a940-7ee688330507,Физическое лицо,Да,Нет,Нет,Бензин,55,38,3,1852,с. Соль-Илецк
978e8589-b62e-40bf-976e-1a970e32146a,Юридическое лицо,Нет,Да,Да,Дизель,133,87,14,9388,с. Асбест
6edfcff7-11a1-4c25-b82c-91990940c7c6,Физическое лицо,Нет,Нет,Нет,Бензин,47,49,5,3764,п. Адыгейск
325c835a-82fb-411d-87ff-edf8a89fc962,Физическое лицо,Нет,Нет,Нет,Дизель,57,47,4,3349,к. Горячий Ключ
1b17cda9-6332-44d5-ad31-ff151a972646,Физическое лицо,Да,Нет,Нет,Бензин,65,38,9,3984,к. Кош-Агач
6ce3586a-658a-4804-abe9-d8e2c2a3fcf7,Физическое лицо,Да,Нет,Нет,Дизель,63,47,2,2730,ст. Ростов
fd8dbbc5-c973-4256-891e-66c310df6fde,Физическое лицо,Да,Нет,Нет,Бензин,48,49,3,1627,клх Богучар
286bdb68-b445-4d2e-903f-99962948e2b0,Физическое лицо,Нет,Нет,Нет,Бензин,70,42,2,1803,п. Шатой
4e7fb40e-37bc-44c4-9d71-81c1c43f0317,Физическое лицо,Да,Да,Нет,Бензин,65,47,4,3785,д. Сургут (Хант.)
f497f429-d5ea-4190-aa30-d765e744e3ed,Физическое лицо,Нет,Нет,Нет,Бензин,68,21,6,2049,клх Ишим
5600712b-28cb-4d45-832b-3f27d7ddecf5,Физическое лицо,Да,Нет,Нет,Бензин,64,21,4,2436,к. Середниково
216b069b-48fa-490c-8a2b-1e20fb7573cf,Физическое лицо,Да,Нет,Нет,Бензин,59,31,5,2394,п. Челюскин
121c2eaf-3e21-4449-ae9f-e811e72708a5,Физическое лицо,Да,Нет,Нет,Бензин,57,43,2,2553,ст. Екатеринбург
db7da70e-18c0-4927-b7ef-49321bb6e967,Юридическое лицо,Нет,Да,Да,Дизель,126,93,8,10208,к. Славянск-на-Кубани
0738cf5a-2b0b-4440-a076-09046c3dad6d,Физическое лицо,Да,Нет,Нет,Бензин,43,28,10,3578,к. Батайск
632e6292-da87-4580-8cee-a20938695725,Юридическое лицо,Нет,Да,Да,Газ,149,85,19,7148,ст. Салехард
f30b6cad-6267-4b06-92f1-f604a698ed7a,Физическое лицо,Да,Нет,Нет,Бензин,58,30,10,1521,с. Шатура
1f3bea67-51bf-4f53-b200-f8a5b39e476c,Физическое лицо,Да,Нет,Нет,Бензин,65,42,7,1744,п. Кетченеры
5e8d06da-8cca-4d54-8403-282a3bd0f776,Физическое лицо,Нет,Да,Нет,Дизель,47,39,3,2636,с. Чермоз
9ef946ab-a1f4-4d89-b82e-5b1fb34a2101,Физическое лицо,Да,Да,Нет,Бензин,58,34,4,2097,г. Егорьевск
728351bc-5278-4c06-807a-e2af225c709f,Физическое лицо,Да,Нет,Нет,Дизель,47,46,5,3032,к. Магадан
38b6f896-face-469e-9721-a5948fee8a6a,Физическое лицо,Нет,Нет,Нет,Бензин,57,34,6,3184,ст. Нальчик
d4c5c66b-ee7a-4756-a1d3-37a1708ef91e,Физическое лицо,Нет,Да,Нет,Дизель,51,23,4,2430,к. Кущевская
39bcb334-dfb8-41ba-8bff-110af15185cd,Физическое лицо,Да,Нет,Нет,Дизель,62,27,4,2658,д. Холмогоры
536aa474-9d2f-4ecc-9704-cbbfe4f36316,Физическое лицо,Да,Нет,Нет,Бензин,67,25,3,2546,п. Теберда
51b6500d-bb37-4a2c-875f-67a99eecb672,Физическое лицо,Да,Нет,Нет,Дизель,69,20,6,3024,к. Серов
45261d6b-416e-456e-9985-e3ef7db253f2,Физическое лицо,Да,Нет,Нет,Бензин,62,32,5,2416,к. Надым
1b7e6533-7aa3-460a-ab48-2eafdbae609c,Физическое лицо,Да,Нет,Нет,Дизель,67,35,8,3808,к. Уренгой
3e2e0a4f-0b57-407f-b4ce-c16e9987b9ec,Физическое лицо,Да,Нет,Нет,Бензин,59,40,3,2565,г. Североморск
dcaaad17-2510-47ff-9a15-58db5e8c740d,Физическое лицо,Да,Нет,Нет,Бензин,69,47,6,1529,ст. Тулун
7823b937-889e-4475-aa4d-3373f9fa4ddf,Юридическое лицо,Нет,Да,Да,Газ,132,64,6,14115,п. Карабудахкент
e37a749c-9542-4a54-a23f-b8d58d73b02f,Физическое лицо,Да,Нет,Нет,Дизель,50,37,9,3487,г. Котельнич
36b48dc8-a165-4f79-9d1f-a5bddf028912,Физическое лицо,Да,Да,Нет,Дизель,46,39,10,3371,к. Александровск-Сахалинский
9137fedd-a7a9-4090-96b0-8bed2087ba1f,Юридическое лицо,Нет,Да,Да,Газ,150,85,18,9455,с. Троицк (Моск.)
049ddf60-1756-4c20-8f57-2b35a9c1af18,Физическое лицо,Нет,Нет,Нет,Бензин,43,46,2,2381,п. Златоуст
7d300b16-8c7d-42e0-8fa7-f81db598d2cd,Физическое лицо,Да,Нет,Нет,Бензин,44,35,3,2688,ст. Яшалта
045ffe09-81f8-45ea-b93a-eb31ef6f288b,Юридическое лицо,Нет,Да,Да,Дизель,83,76,13,8400,ст. Снежногорск (Мурм.)
615aa844-7f54-4f0a-bec9-e2767033b258,Физическое лицо,Нет,Нет,Нет,Бензин,65,43,6,2399,клх Ершов
f3f3bcf2-2288-4a6f-817b-77997f0d77ef,Физическое лицо,Да,Нет,Нет,Бензин,66,29,10,2160,г. Кизляр
d5f5f417-2cad-400a-a470-19232dd2cc67,Физическое лицо,Да,Нет,Нет,Бензин,69,20,2,2711,г. Щельяюр
50e00c68-e387-4a86-81f5-2ac26103c19d,Физическое лицо,Да,Нет,Нет,Бензин,66,39,6,1760,г. Подольск
e609f590-f4f2-4e00-8d04-5b7bc3d01cd0,Физическое лицо,Да,Нет,Нет,Дизель,42,22,9,2915,д. Энгельс
c4d5343a-8256-4aac-8300-753f93363384,Юридическое лицо,Нет,Да,Да,Дизель,91,83,12,13669,к. Яшалта
1954b43e-9561-49a2-8693-b1839cf2b648,Физическое лицо,Да,Нет,Нет,Бензин,68,50,9,1731,д. Домбай
f96d0760-8246-4c88-ba15-e67b06869f22,Физическое лицо,Да,Нет,Нет,Бензин,65,49,6,2011,п. Ковров
755ae348-41a1-4156-9ea2-8d79f5d9d6d4,Физическое лицо,Нет,Нет,Нет,Бензин,45,41,8,2109,клх Адлер
8924933b-dac0-40e1-aa62-0dd84bed6e9a,Физическое лицо,Да,Нет,Нет,Бензин,70,50,8,2960,д. Воронеж
67180548-69c4-4194-8879-65482f9b768c,Юридическое лицо,Нет,Да,Да,Дизель,133,93,8,11490,г. Белогорск (Амур.)
13261b9f-191e-43c0-8e39-bc914b02ba9d,Физическое лицо,Да,Да,Нет,Бензин,44,34,4,3236,ст. Серебряные Пруды
4fa57bcb-ca8b-4ed2-802a-806ed7c8000f,Физическое лицо,Да,Нет,Нет,Бензин,53,48,5,3709,п. Можайск
b47fbf03-916c-43df-abae-b09ca0526b34,Физическое лицо,Да,Нет,Нет,Бензин,46,46,8,3278,с. Ессентуки
e6734d43-f637-4a55-a614-f26e302cf9c8,Физическое лицо,Да,Нет,Нет,Бензин,67,35,5,2295,п. Новороссийка
a8738864-e3d8-4b0e-92e7-c8f6a22f1832,Физическое лицо,Нет,Нет,Нет,Бензин,46,47,5,2173,г. Ведено
b08d3004-a05c-4347-9995-9cd4237a4866,Физическое лицо,Да,Нет,Нет,Дизель,64,40,6,3000,к. Нефедова
173c51b1-7dde-436f-b569-de489093396d,Физическое лицо,Да,Да,Нет,Бензин,62,45,8,3665,клх Южно-Курильск
54923a60-04d9-4cd5-83c5-280d3b4da80f,Физическое лицо,Да,Нет,Нет,Бензин,58,26,9,3949,д. Сасово
be326e91-6329-479d-83d1-9480ea655517,Юридическое лицо,Нет,Да,Да,Дизель,103,71,9,14825,д. Курильск
01d3a24c-e2f1-4194-8789-ec5a748bf65e,Физическое лицо,Да,Нет,Нет,Бензин,45,31,6,2565,к. Пышма
e4e507f8-32bd-478d-9941-fc506f648d2e,Юридическое лицо,Да,Да,Да,Газ,129,100,14,14915,с. Рязань
3615a9d0-3e90-405f-a9da-4cf7628780f6,Физическое лицо,Нет,Нет,Нет,Дизель,56,44,2,2154,д. Кировск (Ленин.)
26b286c0-5b90-47ac-90ac-0de1e9b61bd4,Юридическое лицо,Нет,Да,Да,Дизель,83,96,6,10758,г. Сосногорск
4ae6ecf7-7abc-4c42-a00c-351aa417543a,Физическое лицо,Да,Нет,Нет,Бензин,64,41,2,2987,д. Шереметьево
31031d0c-5afe-42e0-9b2b-1326c76471f6,Физическое лицо,Да,Нет,Нет,Бензин,68,28,5,2295,ст. Самара
835bdbb8-f8b1-4d2f-8bdc-57faf1e60059,Физическое лицо,Да,Да,Нет,Бензин,69,31,2,3947,ст. Кропоткин (Краснод.)
7714221e-10c8-4b09-b529-230369c800f1,Физическое лицо,Да,Нет,Нет,Бензин,54,41,10,1727,клх Сусуман
d2dcf59d-1779-46c4-aba4-7680738a4e1f,Физическое лицо,Да,Нет,Нет,Бензин,41,41,7,2775,г. Оймякон
cd011e47-a175-467a-86bb-9e917446a654,Физическое лицо,Нет,Нет,Нет,Бензин,52,35,3,1915,д. Адыгейск
dcbc4cae-fc30-4158-9391-a58a98a06739,Физическое лицо,Да,Нет,Нет,Бензин,57,48,4,3581,п. Красноселькуп
81034bcc-7ed6-4116-9474-ac370c02ead0,Физическое лицо,Да,Нет,Нет,Дизель,56,48,7,2628,ст. Белгород
0a160c32-8491-488b-a737-0ea71629b32d,Физическое лицо,Да,Нет,Нет,Бензин,56,20,5,3193,п. Ялуторовск
5a80e2cd-3209-42cd-a387-a649f8bd98e0,Физическое лицо,Нет,Нет,Нет,Бензин,68,41,10,3774,к. Калязин
9ff2a28d-aa87-40d5-8067-e494ad387a80,Физическое лицо,Да,Нет,Нет,Бензин,69,26,8,3325,клх Екатеринбург
26ebeaea-d366-4d5c-b7a7-26259f892dbb,Физическое лицо,Да,Нет,Нет,Дизель,51,26,10,3083,г. Сеймчан
6bf30830-b9d5-47e4-8893-1c102c126c46,Физическое лицо,Да,Нет,Нет,Бензин,48,31,2,3266,д. Березники
65362617-b980-40e4-8391-b9cc9da1ad86,Физическое лицо,Да,Нет,Нет,Бензин,59,49,2,2534,ст. Саранск
c0c01345-9de1-4612-bcd8-d4d5387b63d6,Физическое лицо,Да,Нет,Нет,Дизель,56,22,4,1881,ст. Магнитогорск
be6012ef-8441-45af-a03b-b6e5e84bc1bc,Физическое лицо,Да,Нет,Нет,Дизель,56,40,2,1843,г. Александровск-Сахалинский
3d7393be-b406-4b35-a356-02911ffadaf3,Физическое лицо,Да,Нет,Нет,Бензин,44,35,5,2391,клх Вуктыл
b0213e25-f463-4dd8-9cba-432b777fbfc9,Физическое лицо,Нет,Да,Нет,Бензин,49,36,3,1590,ст. Холмск
9c97f898-8ecd-4395-af66-12516f456a1e,Юридическое лицо,Да,Да,Да,Дизель,144,93,15,6447,с. Арзамас
ce1d669c-930e-4cbc-b122-f00d86f3933b,Юридическое лицо,Нет,Да,Да,Дизель,123,109,13,10707,ст. Люберцы
69f91249-0ba7-40a1-af1f-d7143b203fa8,Юридическое лицо,Нет,Да,Да,Бензин,129,97,6,11022,ст. Рославль
a6ac43db-cfb3-4137-9aaa-3b456f89a8b8,Физическое лицо,Да,Нет,Нет,Бензин,49,44,3,2332,ст. Ачинск
ce2c37c9-d100-4815-8912-0d2243b63bd2,Физическое лицо,Нет,Нет,Нет,Бензин,54,36,10,2565,д. Сузун
55216ebb-d5ff-4a1f-a52f-1e1e32f5d6c9,Физическое лицо,Да,Нет,Нет,Бензин,46,24,8,4000,к. Ивдель
d88c8361-bd4a-4300-a7c6-15f441072b95,Физическое лицо,Да,Нет,Нет,Дизель,58,32,5,2064,д. Калач-на-Дону
c41bb895-5f24-4b1b-b571-215113a4279f,Физическое лицо,Нет,Нет,Нет,Бензин,45,29,7,2512,п. Новый Оскол
d934dcc1-87a7-4c83-a711-837763ba7bcd,Юридическое лицо,Нет,Да,Да,Дизель,147,107,18,10815,г. Славянск-на-Кубани
06f96ee5-f147-4653-8c43-c6d1848bbfef,Физическое лицо,Да,Нет,Нет,Бензин,54,26,9,3166,клх Соболево
bdda8112-909e-4476-a08b-c5304fb9fc4b,Физическое лицо,Да,Нет,Нет,Бензин,46,27,9,1876,д. Ставрополь
c2c3548a-201e-428c-bbc5-6c5a64da843f,Физическое лицо,Да,Да,Нет,Дизель,56,21,9,3238,к. Шарья
64b234ab-3e83-455c-9624-ae53897302f2,Физическое лицо,Нет,Нет,Нет,Бензин,70,45,8,2235,д. Калевала
e353a45c-7077-48d5-9dae-81540a0f3fa3,Физическое лицо,Да,Да,Нет,Бензин,63,34,5,1796,ст. Одинцово
c11718cc-ceb9-4b77-9ca4-767534fcb773,Физическое лицо,Да,Нет,Нет,Бензин,48,48,8,3715,д. Липецк
fc6ba484-3e38-4219-aa55-e191faf62c69,Физическое лицо,Нет,Да,Нет,Дизель,55,32,4,3413,клх Гусь-Хрустальный
cff6af02-2675-41d1-9a60-baf5eb89e1e9,Физическое лицо,Да,Нет,Нет,Бензин,54,40,8,2633,к. Ачхой Мартан
09acc618-8341-4ade-be6f-74d97bdae543,Физическое лицо,Нет,Нет,Нет,Бензин,49,44,4,1988,к. Избербаш
6dd66625-06db-4dd0-8c6f-33b247e7f039,Физическое лицо,Да,Нет,Нет,Бензин,57,20,7,2517,д. Бугуруслан
0adf8706-4407-42dc-a058-1e93dac525cc,Физическое лицо,Да,Нет,Нет,Дизель,55,46,6,2831,с. Катав-Ивановск
70926600-63e4-47c3-95f8-ca9f4d45e234,Физическое лицо,Да,Нет,Нет,Бензин,68,20,3,3000,п. Южно-Сахалинск
245b091e-c506-46a8-98eb-035cc8467710,Физическое лицо,Нет,Нет,Нет,Бензин,40,32,7,3534,ст. Сузун
918284e7-c543-4324-96f3-55f88cd048b3,Юридическое лицо,Нет,Да,Да,Дизель,128,103,13,7264,к. Эльтон
343a5822-77a8-4489-bc85-992d89a6d4c4,Юридическое лицо,Нет,Да,Да,Дизель,120,116,9,10529,г. Витим
c63fe311-94a4-40ea-be16-20d30836bf2a,Юридическое лицо,Нет,Да,Да,Дизель,99,92,10,5172,клх Адыгейск
ebc91db3-7267-41e6-a180-5fdbfc68be18,Физическое лицо,Да,Нет,Нет,Бензин,48,44,9,2350,к. Темрюк
57a4b6e7-e576-448d-bdc3-7025bec8dacd,Физическое лицо,Да,Нет,Нет,Бензин,58,20,7,3035,клх Белогорск (Амур.)
eeb07993-6083-4a77-9193-936f934f9b33,Физическое лицо,Да,Нет,Нет,Дизель,66,38,4,2547,ст. Териберка
fd0a4b64-bba1-4953-93dc-d2116cb0432e,Физическое лицо,Да,Нет,Нет,Дизель,42,49,6,3294,п. Звенигород
ca1e9baa-2c38-4d77-b7ba-88241d871db8,Физическое лицо,Да,Нет,Нет,Бензин,45,50,2,3841,клх Стерлитамак
7126d268-f932-4857-be5f-d69b92a47aff,Юридическое лицо,Нет,Да,Да,Дизель,136,112,19,10859,с. Геленджик
86f3163d-e879-4a05-91aa-2513d419cd30,Физическое лицо,Да,Нет,Нет,Дизель,58,49,9,3018,клх Кизилюрт
9e4879af-18bb-4182-9523-884ea1d75bf7,Физическое лицо,Да,Нет,Нет,Бензин,57,50,5,2763,ст. Рославль
c485d8f0-bfe4-4b3f-8049-16a2f8dc4f66,Юридическое лицо,Нет,Да,Да,Дизель,121,85,15,11995,к. Пушкино (Моск.)
f18c6f51-0a30-4f57-9a45-841ab163c569,Физическое лицо,Да,Нет,Нет,Дизель,62,43,5,3210,клх Алексин
6bafad99-61ba-48b0-bbcb-f5b445db65e1,Физическое лицо,Да,Нет,Нет,Бензин,62,28,9,1844,г. Нефтегорск (Самар.)
c95d9f50-1806-4a3f-ab9d-3ee27f210261,Физическое лицо,Да,Нет,Нет,Бензин,67,43,8,1833,д. Двинской
c204423b-bc68-495c-9b60-3781abf899af,Физическое лицо,Да,Нет,Нет,Бензин,56,31,10,1791,г. Хасан
f9b1f05c-5b57-4525-9990-9b3dec5e25be,Физическое лицо,Да,Нет,Нет,Дизель,41,28,2,2004,клх Кондопога
b65b0ca3-c675-4003-89a4-8acfc86de98d,Физическое лицо,Да,Нет,Нет,Бензин,41,48,5,3554,д. Тавда
3f1e0b23-1e3d-4004-bf14-29423e98c8f7,Физическое лицо,Да,Нет,Нет,Бензин,60,47,3,3133,клх Анапа
261017d5-8200-41d1-9ec5-a01976183de8,Физическое лицо,Да,Нет,Нет,Бензин,53,26,2,3839,клх Оха
8376d526-536a-48ea-b6cb-db8864990bca,Физическое лицо,Да,Нет,Нет,Дизель,55,34,4,2071,ст. Уварово
1331421c-2341-4ed3-ba26-6c23f768fb12,Физическое лицо,Да,Нет,Нет,Бензин,51,48,4,2666,клх Мурманск
e96c1104-22c2-470a-9455-d05e816cb1d4,Физическое лицо,Да,Нет,Нет,Бензин,70,34,9,2909,г. Курск
b9663090-c91d-4495-a802-5159ef855ae0,Физическое лицо,Да,Нет,Нет,Бензин,57,33,10,2480,д. Середниково
5d35bb38-385a-45cb-9f58-78def4ec9f78,Физическое лицо,Да,Нет,Нет,Дизель,46,28,2,2927,д. Витим
2160db68-0e22-4881-acde-d1b50b2c7257,Физическое лицо,Да,Да,Нет,Дизель,58,48,2,3074,к. Холмогоры
43b038f3-73a1-4edf-be1e-470ed785d98f,Физическое лицо,Да,Нет,Нет,Бензин,44,44,4,2898,г. Рыльск
0cc26cc2-eb58-436e-9a62-4527cae0d943,Физическое лицо,Да,Нет,Нет,Бензин,58,22,6,3231,ст. Орел
c2ea381f-9927-435b-81a5-1ff7d6cca382,Физическое лицо,Да,Нет,Нет,Бензин,55,30,2,2826,п. Каргасок
bd8c020f-d2c1-40fc-9e70-3678b44b8e0d,Физическое лицо,Нет,Да,Нет,Бензин,54,20,5,1501,к. Жиганск
1ba7b9ad-7be8-421c-8399-85bdb0b5fc5f,Физическое лицо,Да,Нет,Нет,Бензин,44,41,5,1700,п. Бреды
99213f54-22b3-467c-b5a8-17a46ca84764,Физическое лицо,Нет,Нет,Нет,Бензин,48,42,9,2002,г. Якша
b91e5ecc-1bb2-4f7a-9d01-9c3578740d13,Физическое лицо,Нет,Да,Нет,Бензин,56,36,2,3182,г. Горячинск
9af32de4-5a6c-44b7-9ae8-83be514309c0,Юридическое лицо,Нет,Да,Да,Дизель,108,118,13,5304,клх Поронайск
0d787ff5-45ef-494d-a462-7f4a16bf3bc2,Юридическое лицо,Нет,Да,Да,Газ,141,97,5,12637,г. Вологда
b8987e6f-e8c3-49a2-acb8-f9262ae2bcc7,Юридическое лицо,Нет,Да,Да,Дизель,101,87,12,8084,г. Белореченск
1ee70a4b-0db5-4a6f-8f56-2d475d82703c,Физическое лицо,Нет,Нет,Нет,Бензин,42,36,6,2490,п. Усинск
2a1c1945-e98e-4f77-be3a-3d364d77e8a6,Физическое лицо,Да,Да,Нет,Бензин,63,27,6,2728,п. Нижний Тагил
796ce9b8-0826-4b43-99f6-59e96b8d2c93,Юридическое лицо,Да,Да,Да,Дизель,94,100,11,9175,к. Якутск
f950ec06-d05a-466d-8cfa-87ddad1e4dc8,Юридическое лицо,Да,Да,Да,Бензин,115,64,15,13333,п. Енисейск
69a1466d-4ca0-4974-b026-ded49ea40f96,Физическое лицо,Нет,Нет,Нет,Дизель,61,21,8,1574,г. Ессентуки
a81a870e-e6fb-4994-8a63-1a7ed42072d5,Физическое лицо,Да,Нет,Нет,Бензин,49,46,6,3875,г. Хасавюрт
4bb77817-8085-467d-9361-aaf9ad4b2bb1,Юридическое лицо,Да,Да,Да,Дизель,148,86,7,7482,п. Сыктывкар
03c190f2-586e-4509-bb72-a007152ff416,Физическое лицо,Нет,Нет,Нет,Бензин,42,23,10,1907,к. Липецк
95eb7a69-89b8-441b-a293-f43d17ab88fa,Физическое лицо,Да,Нет,Нет,Бензин,56,29,4,3985,с. Избербаш
62b6826d-ffa6-4079-8aaf-8c2219fcd48e,Физическое лицо,Да,Нет,Нет,Бензин,49,44,5,1766,ст. Кизилюрт
075b10e5-31b1-4c5d-95ec-35070328c4fe,Физическое лицо,Да,Нет,Нет,Бензин,44,33,5,3678,к. Дудинка
27a0d123-7da1-499b-80fa-b7abb066309b,Физическое лицо,Нет,Нет,Нет,Бензин,57,25,9,1807,п. Новый Оскол
01efb6d2-e35e-480e-b0cf-56a891fae0df,Физическое лицо,Да,Нет,Нет,Бензин,66,35,2,2333,п. Куртамыш
033fe16e-9647-474a-8ca1-a3e48c610202,Юридическое лицо,Нет,Да,Да,Дизель,137,62,19,6529,клх Далматово
b68aba71-4040-4b1f-b468-61e88ba005bf,Физическое лицо,Нет,Да,Нет,Бензин,61,50,2,2132,ст. Кажим
7b31239f-e4ab-420e-9618-9ca71a39bbd8,Физическое лицо,Да,Да,Нет,Бензин,55,25,10,1676,г. Печенга
f754080a-6d48-4572-82ac-1efee1371fc6,Юридическое лицо,Нет,Нет,Да,Дизель,142,113,7,12914,ст. Малая Вишера
b8db8872-9dcf-49b6-b635-81bdef4f3cf4,Физическое лицо,Да,Нет,Нет,Дизель,44,32,9,3616,к. Гусь-Хрустальный
bdb29d71-ae50-469d-8ae6-724379d4eb54,Физическое лицо,Да,Нет,Нет,Бензин,50,22,8,3549,к. Алексин
d4192bc9-8184-4417-a564-955093316ed1,Физическое лицо,Нет,Нет,Нет,Бензин,67,26,4,3104,клх Кизел
ef8a72b7-0418-4ad9-818c-7cadedc1c2ff,Физическое лицо,Да,Нет,Нет,Дизель,70,45,2,2725,д. Кашира
7f4c3f66-44bd-48be-8210-a879adb6f769,Физическое лицо,Да,Да,Нет,Дизель,66,32,8,3308,г. Кузнецк
62efa6ec-1920-4eac-9e9c-2b52ddfea4a0,Физическое лицо,Да,Нет,Нет,Дизель,47,24,2,2234,д. Байкальск
88ee298f-f9d1-40f6-a346-905f440e39f8,Физическое лицо,Да,Нет,Нет,Бензин,58,41,6,2758,с. Охотск
4f36b4be-a79b-48cb-9cfd-a53e0517e2ea,Физическое лицо,Да,Нет,Нет,Дизель,52,45,10,3411,к. Луховицы
93c23e34-79ef-4cd8-a1ae-53507b99dcaa,Физическое лицо,Да,Нет,Нет,Бензин,57,33,10,3319,клх Кунгур
05bbe950-9f0c-4b5d-98f6-8c354583a785,Физическое лицо,Нет,Нет,Нет,Бензин,70,43,7,2098,п. Верещагино (Перм.)
824003d9-dc0e-4747-8fbf-19f83d0e06f9,Физическое лицо,Нет,Нет,Нет,Дизель,68,37,3,1686,клх Охотск
b995f67f-4ffd-4213-9a68-c85a5da6acd3,Физическое лицо,Нет,Нет,Нет,Дизель,69,48,3,3477,г. Сусуман
5149a835-bb07-4e84-b323-474757953fd5,Юридическое лицо,Нет,Да,Да,Дизель,100,100,9,13289,с. Самара
d5981504-f960-4355-990b-7664649cb0c4,Физическое лицо,Да,Нет,Нет,Бензин,65,49,8,3374,к. Ялуторовск
e19a3a3b-2b84-4adf-92b8-052c3ecce212,Физическое лицо,Да,Нет,Нет,Бензин,44,44,9,2481,к. Чусовой
49f3da74-0521-4685-857a-a1b0a52d9cfa,Физическое лицо,Нет,Нет,Нет,Дизель,63,37,10,3929,д. Уварово
7ee29263-5f4f-411b-8bb2-7d807f389178,Физическое лицо,Да,Нет,Нет,Бензин,40,35,3,2840,к. Мелеуз
c26b0b92-999e-4fa0-bac8-ab5e2891d279,Юридическое лицо,Нет,Да,Да,Дизель,143,94,6,10853,с. Кировск (Ленин.)
e368e3d5-97cc-4c5b-87da-b2a5781599d3,Юридическое лицо,Нет,Да,Да,Газ,138,64,11,14429,с. Архыз
388a6682-cbfe-4e51-b8af-3748be05cdbb,Физическое лицо,Да,Нет,Нет,Дизель,40,32,6,2088,к. Октябрьское (Хант.)
b6315f51-7ae5-4f0d-a0ef-c6a98f497d9c,Физическое лицо,Да,Нет,Нет,Бензин,59,44,10,2983,ст. Сочи
261ea88d-5957-41f3-8463-133384d24736,Физическое лицо,Да,Нет,Нет,Дизель,40,35,6,1703,с. Магас
8257becf-d185-498e-aa1d-f3a2c90ebe38,Физическое лицо,Да,Нет,Нет,Бензин,58,40,3,2670,п. Рязань
f5fd2cf3-e48c-4f37-a91f-645c4e57be1b,Юридическое лицо,Нет,Да,Да,Газ,148,77,6,6997,клх Верхний Уфалей
944461be-af93-4c61-a844-aba95d5f0dea,Физическое лицо,Да,Нет,Нет,Бензин,59,21,4,2649,к. Усинск
669f4fd0-40a5-41a1-ad48-21bd0c7d8d78,Физическое лицо,Да,Нет,Нет,Бензин,67,37,5,3330,ст. Подольск
a69ce67d-b916-4d85-b596-f1526c025794,Физическое лицо,Да,Нет,Нет,Дизель,49,47,7,3115,к. Ведено
73b7c2e6-fc48-4388-aa3d-2cf7f146d592,Физическое лицо,Да,Нет,Нет,Бензин,66,27,3,3350,д. Воронеж
cd529b44-4e43-4811-b509-77f48400dd87,Физическое лицо,Да,Нет,Нет,Бензин,41,32,3,3310,ст. Зарайск
537b3401-617e-4124-8b8a-cf062877117d,Физическое лицо,Да,Да,Нет,Дизель,56,45,6,1657,с. Новороссийка
4baad527-49d6-4204-b104-5bb0b4f9274a,Физическое лицо,Да,Нет,Нет,Бензин,61,36,3,1521,ст. Макушино
f4c493d7-89e2-4d2b-9993-aaec9415535d,Физическое лицо,Нет,Да,Нет,Дизель,51,47,8,3553,п. Нязепетровск
34690ff0-490c-40d6-a7ed-3dbe9f50cb71,Юридическое лицо,Нет,Да,Да,Газ,138,87,10,13414,клх Цимлянск
f6d768df-39a6-49dd-a16e-9c2c63fe4d9d,Физическое лицо,Да,Нет,Нет,Бензин,69,35,3,3831,с. Губаха
d17f04a6-9013-4277-b5a2-cc3d0c4750ce,Юридическое лицо,Нет,Да,Да,Газ,115,88,19,12742,клх Нижний Новгород
aaf78a88-1a58-4a4d-863d-386ee6525596,Физическое лицо,Да,Да,Нет,Бензин,66,35,5,3150,ст. Поронайск
9a15b9c5-502d-43db-8076-e5b558352c16,Физическое лицо,Да,Нет,Нет,Бензин,48,44,5,2896,д. Кущевская
d7014751-60c9-4682-9a47-ad7d4fe100f0,Физическое лицо,Да,Нет,Нет,Бензин,46,46,7,3945,д. Ростов
d7c474ab-19a1-45fd-ae4e-25b124200b0f,Юридическое лицо,Нет,Да,Да,Бензин,84,101,15,13219,д. Соликамск
492337f2-55c0-49ea-b2e7-d25b9ae491c2,Юридическое лицо,Нет,Да,Да,Дизель,133,76,15,13307,п. Ковров
d4f485ed-3c5c-4883-98b7-dbebf109bb88,Физическое лицо,Да,Нет,Нет,Бензин,49,26,8,1633,клх Геленджик
6441f03b-2820-4e62-80f1-4078a55cc2c3,Юридическое лицо,Нет,Да,Да,Бензин,141,70,12,11254,г. Одинцово
96e08fe8-84a2-4f51-b426-c353973e27e6,Физическое лицо,Нет,Нет,Нет,Бензин,44,42,2,2371,д. Галич
effb4205-8faa-4e7c-b1aa-c00d32eb5665,Физическое лицо,Да,Нет,Нет,Дизель,50,39,7,2110,д. Красновишерск
bad983fe-c572-4393-8380-777a632b12f7,Физическое лицо,Нет,Нет,Нет,Дизель,56,49,2,1693,с. Дивногорск
6dc28777-7287-4a66-9c19-c36a16867248,Физическое лицо,Нет,Нет,Нет,Бензин,62,39,2,3873,п. Канск
d536a9ec-e2aa-4e26-bfad-f897976d661b,Физическое лицо,Да,Да,Нет,Бензин,49,35,10,3058,д. Переславль-Залесский
47aaff21-693b-47d2-aac0-9577e8401c69,Физическое лицо,Да,Нет,Нет,Бензин,56,38,2,2963,к. Ахтубинск
c5b87b92-dec7-40d1-8031-86bcc679b94d,Юридическое лицо,Нет,Да,Да,Дизель,148,79,5,12658,клх Серафимович
6627f5f1-24ec-488e-a59f-8c7fb4a12225,Физическое лицо,Да,Нет,Нет,Бензин,59,33,8,2340,с. Надым
bff59e1b-8e85-40d0-bdf8-29911c4ac676,Физическое лицо,Да,Нет,Нет,Дизель,68,33,3,2872,д. Борзя
08213785-a7f5-4a83-a5c5-0fa48799700f,Юридическое лицо,Нет,Нет,Да,Газ,110,99,20,10369,клх Верхний Уфалей
5f2eebf2-85ee-4885-a52c-07d942124d0b,Физическое лицо,Да,Нет,Нет,Дизель,43,30,9,3107,г. Сызрань
0c3b0c04-5738-456f-b240-959081754075,Физическое лицо,Да,Нет,Нет,Дизель,54,48,8,2367,к. Видное
858f8bba-358d-4dc3-b3c1-6d7b456dc803,Физическое лицо,Да,Нет,Нет,Бензин,44,50,2,2516,г. Обнинск
2ce9abb3-a397-480e-9021-6b5db3485dbc,Юридическое лицо,Нет,Да,Да,Дизель,89,106,6,9118,к. Якша
488a2852-287f-4787-8cd8-90aab18254c9,Физическое лицо,Да,Нет,Нет,Бензин,49,29,10,2521,ст. Ялуторовск
20ffb9b5-1ceb-4e49-bbb1-d6dd3b9a40e4,Физическое лицо,Нет,Нет,Нет,Бензин,50,42,2,1581,ст. Верхний Тагил
e21797af-7340-48a3-85fb-d3508b75e0cb,Физическое лицо,Да,Нет,Нет,Бензин,58,47,5,3328,п. Байкальск
047f2c82-b029-4da2-9c80-28b845a6c185,Физическое лицо,Да,Нет,Нет,Бензин,50,48,4,1553,с. Александров Гай
87e09c05-272c-4d50-bf42-5d9c24f73d98,Физическое лицо,Нет,Нет,Нет,Бензин,45,40,10,2473,п. Приозерск
d585f090-7f64-43fa-a9c5-fdebeec32673,Физическое лицо,Да,Да,Нет,Бензин,61,43,5,1701,к. Ямбург
78cca227-fcc8-40c3-a3ac-7d93d40db4a2,Юридическое лицо,Нет,Да,Да,Дизель,120,88,9,12522,п. Невьянск
8898191b-867a-4ee1-b9ea-5c4745a1abb4,Физическое лицо,Да,Нет,Нет,Дизель,46,48,2,3962,г. Иркутск
5f1a0436-4cfa-4fd8-82cf-b8505f892024,Юридическое лицо,Нет,Да,Да,Дизель,108,83,13,11394,ст. Череповец
04bd557a-6467-41bd-ac57-e08e6e8d6d0c,Физическое лицо,Да,Нет,Нет,Бензин,70,32,10,3285,д. Мытищи
8553598f-ea3a-45af-b858-82b6740a7ddf,Физическое лицо,Нет,Нет,Нет,Бензин,53,42,10,2840,клх Апрелевка
7ff3f05e-b618-4f0c-87da-7dbdc572aca8,Физическое лицо,Да,Да,Нет,Дизель,44,50,6,2542,ст. Новосибирск
8caa429c-53b3-4455-b4d2-5ce35a9c331b,Физическое лицо,Нет,Нет,Нет,Бензин,62,34,4,1812,к. Чебоксары
82d77744-37f9-4813-bf75-f133b05c3a2d,Юридическое лицо,Нет,Да,Да,Дизель,117,97,10,9355,к. Киров (Вятка)
375d8145-c8da-464d-aeef-7c40aa24c64a,Физическое лицо,Нет,Нет,Нет,Дизель,58,50,7,2814,ст. Торжок
dc027331-091d-47f9-a602-6e133353ecf3,Физическое лицо,Да,Нет,Нет,Бензин,67,29,6,2110,с. Миасс
0a256c6a-6496-4c37-88e4-7cec645de806,Физическое лицо,Да,Нет,Нет,Бензин,61,45,9,1738,клх Шатки
b880949a-2d2a-4135-bdd8-0d071958c27b,Физическое лицо,Да,Да,Нет,Бензин,67,40,3,2936,д. Лотошино
533c085f-5004-4e99-8460-1f755a6a8816,Юридическое лицо,Нет,Да,Да,Бензин,113,76,20,14290,д. Оха
fdc18938-2500-42a3-be17-85c86e76a399,Физическое лицо,Нет,Нет,Нет,Бензин,40,28,9,2937,к. Дмитров
a97b4d53-9aca-420a-a4ba-9ca1e77cfcfe,Физическое лицо,Нет,Нет,Нет,Бензин,66,31,7,2049,г. Амдерма
20c44d59-47d6-45ff-889e-d2c60af7321e,Физическое лицо,Нет,Нет,Нет,Дизель,57,30,6,3026,г. Оймякон
ef9737c9-fe7b-42a6-951d-43f39cafa29a,Физическое лицо,Да,Нет,Нет,Бензин,57,24,5,1576,клх Эльтон
2cfec9bb-fb5e-4fb4-a037-ae84ca572ace,Юридическое лицо,Нет,Да,Да,Дизель,122,86,19,6324,клх Можайск
7b8aaaa1-0b14-447f-ac32-3276368faef3,Физическое лицо,Да,Нет,Нет,Бензин,67,20,9,2504,с. Байкальск
955d06fc-1027-4d2c-9795-f21c7ca95e6e,Физическое лицо,Нет,Нет,Нет,Бензин,59,49,8,1503,г. Губкин
e22beeb5-4124-4b2f-aa75-96e50745c57b,Физическое лицо,Да,Нет,Нет,Бензин,63,49,8,3850,клх Тавда
e0cd766b-7c19-42c7-b509-487e4133194e,Физическое лицо,Нет,Нет,Нет,Бензин,61,27,4,2809,ст. Хужир
180789c5-f43c-44b2-9a6c-f2648596c898,Физическое лицо,Нет,Нет,Нет,Дизель,44,21,10,1717,к. Верхний Уфалей
2afc58bd-c776-4fba-9bb4-0ffbaad01c1e,Юридическое лицо,Нет,Да,Да,Газ,81,107,10,7992,г. Тамбов
f8db8810-dfd4-4bc0-bf69-775cb17e60a2,Юридическое лицо,Нет,Да,Да,Дизель,121,84,20,5876,г. Курганинск
f46a28af-2ff7-43a5-ae96-f13b9226dd16,Физическое лицо,Нет,Да,Нет,Бензин,43,26,10,2977,ст. Шарья
d00557ef-3915-4893-ae1b-384f263a64c0,Физическое лицо,Да,Нет,Нет,Бензин,45,32,10,1694,к. Шуя
2e3f79db-e359-43ef-916a-1e5784773e6f,Физическое лицо,Нет,Нет,Нет,Бензин,40,37,6,3916,к. Сергиев Посад
681ea48c-1866-4aa8-a3be-208f4cee4d39,Физическое лицо,Нет,Нет,Нет,Бензин,52,25,6,2952,д. Домбай
ad0c460e-55b0-4ef2-bdcf-938f20dff7bf,Физическое лицо,Нет,Да,Нет,Дизель,70,24,3,1651,с. Диксон
f39a52b0-29c7-4a11-aa5e-e3e5cd2ea840,Физическое лицо,Да,Нет,Нет,Бензин,47,43,9,2754,ст. Шерегеш
e69c24fc-d15f-4999-ba43-40c69a5421ee,Физическое лицо,Нет,Нет,Нет,Бензин,53,50,3,1808,клх Волгоград
1ba5340e-8658-4a95-a716-5a32894320d0,Физическое лицо,Да,Да,Нет,Дизель,68,20,10,3835,к. Луховицы
cd7c9c13-e155-41a0-9744-ba5011cd88a4,Физическое лицо,Нет,Нет,Нет,Бензин,47,21,5,3469,п. Тотьма
45c113ba-e6ad-4ff0-9d4e-5bcce495600e,Физическое лицо,Нет,Нет,Нет,Бензин,64,33,5,2630,п. Обоянь
aee0e7a3-45ed-4bfe-a004-44657d7d81c0,Физическое лицо,Да,Нет,Нет,Бензин,67,49,2,1503,п. Новый Оскол
8ea26a8f-88ec-469a-bea6-a9417d136076,Физическое лицо,Да,Нет,Нет,Бензин,69,28,7,3779,г. Петухово
9810124f-a2c2-4deb-a43f-86a1f819eadb,Физическое лицо,Нет,Нет,Нет,Бензин,64,25,9,2994,п. Тюмень
